anchor	genome	anchor_family	truncated	n_genes	protein_id	search_bitscore	domain	phylum	class	order	family	genus	species	clade	gtdb_genome_representative
s5a1_contig_1_2075	s5a-1	NZ_JALXFV010000008.1_111	False	22	pgaptmp_002090_1	inf	Archaea	Halobacteriota	Halobacteria	Halobacteriales	Haloferacaceae	Haloferax	Haloferax larsenii	Halobacteria	RS_GCF_000336955.1
NZ_AOLI01000034.1_29	GCF_000336955.1	NZ_JALXFV010000008.1_111	False	20	M0GTD3	581.0	Archaea	Halobacteriota	Halobacteria	Halobacteriales	Haloferacaceae	Haloferax	Haloferax larsenii	Halobacteria	RS_GCF_000336955.1
NZ_AOLK01000012.1_176	GCF_000336755.1	NZ_JALXFV010000008.1_111	False	22	NZ_AOLK01000012.1_176	552.0	Archaea	Halobacteriota	Halobacteria	Halobacteriales	Haloferacaceae	Haloferax	Haloferax elongans	Halobacteria	RS_GCF_000336755.1
NZ_AOLN01000018.1_554	GCF_000337815.1	NZ_JALXFV010000008.1_111	False	21	M0I6U3	455.0	Archaea	Halobacteriota	Halobacteria	Halobacteriales	Haloferacaceae	Haloferax	Haloferax mucosum	Halobacteria	RS_GCF_000337815.1
NC_017941.2_785	GCF_000306765.2	NZ_JALXFV010000008.1_111	False	21	I3R2Q4	449.0	Archaea	Halobacteriota	Halobacteria	Halobacteriales	Haloferacaceae	Haloferax	Haloferax mediterranei	Halobacteria	RS_GCF_000306765.2
NZ_AOLJ01000011.1_106	GCF_000336775.1	NZ_JALXFV010000008.1_111	False	22	A0A371N295	440.0	Archaea	Halobacteriota	Halobacteria	Halobacteriales	Haloferacaceae	Haloferax	Haloferax gibbonsii	Halobacteria	RS_GCF_000336775.1
NZ_AOLG01000009.1_386	GCF_000336815.1	NZ_JALXFV010000008.1_111	False	21	A0A371LK82	437.0	Archaea	Halobacteriota	Halobacteria	Halobacteriales	Haloferacaceae	Haloferax	Haloferax prahovense	Halobacteria	RS_GCF_000336815.1
NZ_LOEP01000032.1_74	GCF_001482285.1	NZ_JALXFV010000008.1_111	False	22	WP_058828042.1@GCF_001482285.1	437.0	Archaea	Halobacteriota	Halobacteria	Halobacteriales	Haloferacaceae	Haloferax	Haloferax sp001482285	Halobacteria	RS_GCF_001482285.1
NZ_LOPW02000001.1_77	GCF_001469875.2	NZ_JALXFV010000008.1_111	False	22	A0A2P4NW45	436.0	Archaea	Halobacteriota	Halobacteria	Halobacteriales	Haloferacaceae	Haloferax	Haloferax marisrubri	Halobacteria	RS_GCF_001469875.2
NZ_CSTE01000002.1_1321	GCF_001368915.1	NZ_JALXFV010000008.1_111	False	22	A0A0D6JRZ7	417.0	Archaea	Halobacteriota	Halobacteria	Halobacteriales	Haloferacaceae	Haloferax	Haloferax massiliensis	Halobacteria	RS_GCF_001368915.1
NZ_FOTC01000002.1_374	GCF_900114455.1	NZ_JALXFV010000008.1_111	False	23	A0A1I4ECI6	366.0	Archaea	Halobacteriota	Halobacteria	Halobacteriales	Haloferacaceae	Halogranum	Halogranum rubrum	Halobacteria	RS_GCF_900114455.1
NZ_AQXI01000001.1_33	GCF_000376445.1	NZ_JALXFV010000008.1_111	False	28	A0A1M6QHW3	338.0	Archaea	Halobacteriota	Halobacteria	Halobacteriales	Haladaptataceae	Haladaptatus	Haladaptatus paucihalophilus	Halobacteria	RS_GCF_000376445.1
NZ_JAJFAY010000001.1_1298	GCF_021083305.1	NZ_JALXFV010000008.1_111	False	27	WP_231184040.1@GCF_021083305.1	326.0	Archaea	Halobacteriota	Halobacteria	Halobacteriales	Haladaptataceae	Haladaptatus	Haladaptatus sp021083305	Halobacteria	RS_GCF_021083305.1
NZ_LWHG01000021.1_274	GCF_001625445.1	NZ_JALXFV010000008.1_111	False	27	A0A166SG65	324.0	Archaea	Halobacteriota	Halobacteria	Halobacteriales	Haladaptataceae	Haladaptatus	Haladaptatus sp001625445	Halobacteria	RS_GCF_001625445.1
NZ_CP099993.1_958	GCF_024138125.1	NZ_JALXFV010000008.1_111	False	27	WP_253482368.1@GCF_024138125.1	321.0	Archaea	Halobacteriota	Halobacteria	Halobacteriales	Haladaptataceae	Halorussus	Halorussus sp024138125	Halobacteria	RS_GCF_024138125.1
NZ_SDIC01000004.1_292	GCF_004116405.1	NZ_JALXFV010000008.1_111	False	24	WP_129115263.1@GCF_004116405.1	320.0	Archaea	Halobacteriota	Halobacteria	Halobacteriales	Haloferacaceae	Halegenticoccus	Halegenticoccus tardaugens	Halobacteria	RS_GCF_004116405.1
NZ_ML974134.1_11	GCF_004143485.2	NZ_JALXFV010000008.1_111	True	20	WP_132057481.1@GCF_004143485.2	310.0	Archaea	Halobacteriota	Halobacteria	Halobacteriales	Haladaptataceae	Halorussus	Halorussus amylolyticus	Halobacteria	RS_GCF_004143485.2
ML241305.1_276	GCA_005239435.1	NZ_JALXFV010000008.1_111	False	25	ML241305.1_276@GCA_005239435.1	308.0	Archaea	Halobacteriota	Halobacteria	Halobacteriales	Haladaptataceae	Halorussus	Halorussus sp005239435	Halobacteria	GB_GCA_005239435.1
NZ_BBMP01000023.1_95	GCF_000755245.1	NZ_JALXFV010000008.1_111	False	24	WP_049998595.1@GCF_000755245.1	307.0	Archaea	Halobacteriota	Halobacteria	Halobacteriales	Halococcaceae	Halococcus	Halococcus sediminicola	Halobacteria	RS_GCF_000755245.1
NZ_LOPU01000018.1_145	GCF_001469955.1	NZ_JALXFV010000008.1_111	False	24	A0A0W1R9H8	306.0	Archaea	Halobacteriota	Halobacteria	Halobacteriales	Haloferacaceae	Haloprofundus	Haloprofundus marisrubri	Halobacteria	RS_GCF_001469955.1
QNGA01000004.1_66	GCA_003298465.1	NZ_JALXFV010000008.1_111	False	23	A0A365T8R6	304.0	Archaea	Halobacteriota	Halobacteria	Halobacteriales	Haladaptataceae	Haladaptatus	Haladaptatus sp003298465	Halobacteria	GB_GCA_003298465.1
NZ_JALLPK010000001.1_2688	GCF_023276375.1	NZ_JALXFV010000008.1_111	False	24	WP_248907845.1@GCF_023276375.1	304.0	Archaea	Halobacteriota	Halobacteria	Halobacteriales	Haloarculaceae	Halocatena	Halocatena sp023276375	Halobacteria	RS_GCF_023276375.1
NZ_CP100400.1_1800	GCF_024218795.1	NZ_JALXFV010000008.1_111	False	26	WP_254269963.1@GCF_024218795.1	302.0	Archaea	Halobacteriota	Halobacteria	Halobacteriales	Haladaptataceae	Halorussus	Halorussus sp024218795	Halobacteria	RS_GCF_024218795.1
NZ_FTNO01000001.1_814	GCF_900156425.1	NZ_JALXFV010000008.1_111	False	27	A0A1N6WQJ8	301.0	Archaea	Halobacteriota	Halobacteria	Halobacteriales	Haladaptataceae	Haladaptatus	Haladaptatus litoreus	Halobacteria	RS_GCF_900156425.1
NZ_VSLZ01000003.1_332	GCF_010747475.1	NZ_JALXFV010000008.1_111	False	26	A0A6G3ZKK6	300.0	Archaea	Halobacteriota	Halobacteria	Halobacteriales	Haladaptataceae	Halorussus	Halorussus sp010747475	Halobacteria	RS_GCF_010747475.1
NZ_CP085301.1_3469	GCF_020700235.1	NZ_JALXFV010000008.1_111	False	30	WP_227774493.1@GCF_020700235.1	298.0	Archaea	Halobacteriota	Halobacteria	Halobacteriales	Haladaptataceae	Haladaptatus	Haladaptatus pallidirubidus	Halobacteria	RS_GCF_020700235.1
NZ_JDTH01000002.1_1229	GCF_000710615.1	NZ_JALXFV010000008.1_111	False	28	WP_049971178.1@GCF_000710615.1	296.0	Archaea	Halobacteriota	Halobacteria	Halobacteriales	Haladaptataceae	Haladaptatus	Haladaptatus cibarius	Halobacteria	RS_GCF_000710615.1
NZ_CP044523.1_2509	GCF_008831545.1	NZ_JALXFV010000008.1_111	False	26	WP_158057723.1@GCF_008831545.1	294.0	Archaea	Halobacteriota	Halobacteria	Halobacteriales	Haladaptataceae	Halorussus	Halorussus halophilus	Halobacteria	RS_GCF_008831545.1
NZ_CP100000.1_3638	GCF_024138165.1	NZ_JALXFV010000008.1_111	False	26	NZ_CP100000.1_3638	293.0	Archaea	Halobacteriota	Halobacteria	Halobacteriales	Haladaptataceae	Halorussus	Halorussus sp024138165	Halobacteria	RS_GCF_024138165.1
NZ_CP035119.1_2382	GCF_004087835.1	NZ_JALXFV010000008.1_111	False	26	NZ_CP035119.1_2382	283.0	Archaea	Halobacteriota	Halobacteria	Halobacteriales	Haladaptataceae	Halorussus	Halorussus pelagicus	Halobacteria	RS_GCF_004087835.1
NZ_CP085335.1_889	GCF_020618475.1	NZ_JALXFV010000008.1_111	False	30	WP_227376033.1@GCF_020618475.1	283.0	Archaea	Halobacteriota	Halobacteria	Halobacteriales	Haladaptataceae	Haladaptatus	Haladaptatus sp020618475	Halobacteria	RS_GCF_020618475.1
NZ_ML974127.1_845	GCF_004765815.2	NZ_JALXFV010000008.1_111	False	27	WP_135851677.1@GCF_004765815.2	283.0	Archaea	Halobacteriota	Halobacteria	Halobacteriales	Haladaptataceae	Halorussus	Halorussus salinus	Halobacteria	RS_GCF_004765815.2
NZ_CP085327.1_1011	GCF_020614375.1	NZ_JALXFV010000008.1_111	False	28	WP_227355121.1@GCF_020614375.1	282.0	Archaea	Halobacteriota	Halobacteria	Halobacteriales	Haladaptataceae	Haladaptatus	Haladaptatus sp020614375	Halobacteria	RS_GCF_020614375.1
NZ_WSZK01000006.1_116	GCF_009791395.1	NZ_JALXFV010000008.1_111	False	23	A0A6B0GHS1	279.0	Archaea	Halobacteriota	Halobacteria	Halobacteriales	Haloarculaceae	Halomarina	Halomarina oriensis	Halobacteria	RS_GCF_009791395.1
NZ_JALXFV010000002.1_324	GCF_023699475.1	NZ_JALXFV010000008.1_111	False	23	WP_250872200.1@GCF_023699475.1	273.0	Archaea	Halobacteriota	Halobacteria	Halobacteriales	Haloarculaceae	Halomarina	Halomarina rubra	Halobacteria	RS_GCF_023699475.1
NZ_CP100454.1_2787	GCF_024228315.1	NZ_JALXFV010000008.1_111	False	24	WP_254543733.1@GCF_024228315.1	273.0	Archaea	Halobacteriota	Halobacteria	Halobacteriales	Haloarculaceae	Halomarina	Halomarina sp024228315	Halobacteria	RS_GCF_024228315.1
NZ_CP096658.1_2442	GCF_023238445.1	NZ_JALXFV010000008.1_111	False	28	NZ_CP096658.1_2442	273.0	Archaea	Halobacteriota	Halobacteria	Halobacteriales	Haladaptataceae	Halorussus	Halorussus sp023238445	Halobacteria	RS_GCF_023238445.1
NZ_CP096659.1_2412	GCF_023238205.1	NZ_JALXFV010000008.1_111	False	28	A0A8U0HQS2	266.0	Archaea	Halobacteriota	Halobacteria	Halobacteriales	Haladaptataceae	Halorussus	Halorussus sp023238205	Halobacteria	RS_GCF_023238205.1
JAKCFM010000002.1_30	GCA_025041195.1	JAKCFM010000002.1_30	False	23	JAKCFM010000002.1_30@GCA_025041195.1	214.0	Archaea	Halobacteriota	Halobacteria	Halobacteriales	Haloarculaceae	Halocatena	Halocatena sp025041195	Halobacteria	GB_GCA_025041195.1
JADFQH010000144.1_4	GCA_022561895.1	NZ_JALXFV010000008.1_111	True	6	MCH7660965.1@GCA_022561895.1	212.0	Archaea	Halobacteriota	Halobacteria	Halobacteriales	Halalkalicoccaceae	Halalkalicoccus	Halalkalicoccus sp022561895	Halobacteria	GB_GCA_022561895.1
JAKCFJ010000001.1_2967	GCA_025041175.1	NZ_JALXFV010000008.1_111	False	26	JAKCFJ010000001.1_2967@GCA_025041175.1	191.0	Archaea	Halobacteriota	Halobacteria	Halobacteriales	Haloarculaceae	Halocatena	Halocatena sp025041175	Halobacteria	GB_GCA_025041175.1
NZ_FNIA01000003.1_161	GCF_900103505.1	NZ_JALXFV010000008.1_111	False	20	A0A1G9TW67	185.0	Archaea	Halobacteriota	Halobacteria	Halobacteriales	Natrialbaceae	Haloarchaeobius	Haloarchaeobius iranensis	Halobacteria	RS_GCF_900103505.1
NZ_JANHJR010000001.1_1180	GCF_024495425.1	NZ_JALXFV010000008.1_111	False	20	WP_256399177.1@GCF_024495425.1	185.0	Archaea	Halobacteriota	Halobacteria	Halobacteriales	Natrialbaceae	Haloarchaeobius	Haloarchaeobius litoreus	Halobacteria	RS_GCF_024495425.1
NZ_JANHAU010000004.1_32	GCF_024464185.1	NZ_JALXFV010000008.1_111	False	20	WP_256300310.1@GCF_024464185.1	185.0	Archaea	Halobacteriota	Halobacteria	Halobacteriales	Natrialbaceae	Haloarchaeobius	Haloarchaeobius salinus	Halobacteria	RS_GCF_024464185.1
NZ_JANJYH010000006.1_64	GCF_024609245.1	NZ_JALXFV010000008.1_111	False	20	WP_257300007.1@GCF_024609245.1	182.0	Archaea	Halobacteriota	Halobacteria	Halobacteriales	Natrialbaceae	Haloarchaeobius	Haloarchaeobius sp024609245	Halobacteria	RS_GCF_024609245.1
PXRE01000005.1_33	GCA_003021085.1	PXRE01000005.1_33	False	21	PXRE01000005.1_33	166.0	Archaea	Halobacteriota	Halobacteria	Halobacteriales	PXRE01	PXRE01	PXRE01 sp003021085	Halobacteria	GB_GCA_003021085.1
NZ_SOSC01000006.1_40	GCF_005049285.1	NZ_JALXFV010000008.1_111	False	17	WP_136717420.1@GCF_005049285.1	165.0	Archaea	Halobacteriota	Halobacteria	Halobacteriales	Haloarculaceae	Halorientalis	Halorientalis salina	Halobacteria	RS_GCF_005049285.1
NZ_JALLGW010000001.1_1808	GCF_023074835.1	NZ_JALXFV010000008.1_111	False	24	WP_247415690.1@GCF_023074835.1	165.0	Archaea	Halobacteriota	Halobacteria	Halobacteriales	Haloarculaceae	Halomarina	Halomarina salina	Halobacteria	RS_GCF_023074835.1
NZ_CP031310.1_2084	GCF_004799665.1	NZ_JALXFV010000008.1_111	False	19	A0A4D6HEL8	164.0	Archaea	Halobacteriota	Halobacteria	Halobacteriales	Haloarculaceae	Halapricum	Halapricum salinum	Halobacteria	RS_GCF_004799665.1
NZ_JAJCVJ010000001.1_703	GCF_020567425.1	NZ_JALXFV010000008.1_111	False	19	WP_227228331.1@GCF_020567425.1	163.0	Archaea	Halobacteriota	Halobacteria	Halobacteriales	Haloferacaceae	Salinirubrum	Salinirubrum litoreum	Halobacteria	RS_GCF_020567425.1
NZ_JAAAJC010000002.1_88	GCF_009900715.1	NZ_JALXFV010000008.1_111	False	17	WP_160134101.1@GCF_009900715.1	163.0	Archaea	Halobacteriota	Halobacteria	Halobacteriales	Halococcaceae	Halococcus	Halococcus salsus	Halobacteria	RS_GCF_009900715.1
NZ_JAJCVI010000001.1_161	GCF_020567525.1	NZ_JALXFV010000008.1_111	False	20	WP_227130723.1@GCF_020567525.1	162.0	Archaea	Halobacteriota	Halobacteria	Halobacteriales	Natrialbaceae	Halorubellus	Halorubellus salinus	Halobacteria	RS_GCF_020567525.1
NZ_JANHDP010000001.1_573	GCF_024494695.1	NZ_JALXFV010000008.1_111	False	22	WP_256391121.1@GCF_024494695.1	162.0	Archaea	Halobacteriota	Halobacteria	Halobacteriales	Natronoarchaeaceae	Natronoarchaeum	Natronoarchaeum rubrum	Halobacteria	RS_GCF_024494695.1
NZ_QQTY01000001.1_59	GCF_003670115.1	NZ_JALXFV010000008.1_111	False	24	WP_121740820.1@GCF_003670115.1	161.0	Archaea	Halobacteriota	Halobacteria	Halobacteriales	Natrialbaceae	Natronorubrum	Natronorubrum halophilum	Halobacteria	RS_GCF_003670115.1
NZ_OBEJ01000001.1_515	GCF_900215575.1	NZ_JALXFV010000008.1_111	False	20	A0A285N4T7	160.0	Archaea	Halobacteriota	Halobacteria	Halobacteriales	Natronoarchaeaceae	Natronoarchaeum	Natronoarchaeum philippinense	Halobacteria	RS_GCF_900215575.1
PXRX01000012.1_63	GCA_003023195.1	NZ_JALXFV010000008.1_111	False	17	A0A2R6JQA9	158.0	Archaea	Halobacteriota	Halobacteria	Halobacteriales	SW-7-71-33	SW-7-71-33	SW-7-71-33 sp003023195	Halobacteria	GB_GCA_003023195.1
NZ_QLVG01000056.1_6	GCF_003382685.1	NZ_JALXFV010000008.1_111	True	17	NZ_QLVG01000056.1_6	158.0	Archaea	Halobacteriota	Halobacteria	Halobacteriales	Haladaptataceae	Halorussus	Halorussus litoreus	Halobacteria	RS_GCF_003382685.1
NZ_PEND01000007.1_228	GCF_002844195.1	NZ_JALXFV010000008.1_111	False	25	WP_101297784.1@GCF_002844195.1	156.0	Archaea	Halobacteriota	Halobacteria	Halobacteriales	Haloferacaceae	Halegenticoccus	Halegenticoccus soli	Halobacteria	RS_GCF_002844195.1
NZ_CP101156.1_1333	GCF_024298845.1	NZ_JALXFV010000008.1_111	False	17	WP_254810097.1@GCF_024298845.1	156.0	Archaea	Halobacteriota	Halobacteria	Halobacteriales	Natrialbaceae	Tc-Br11	Tc-Br11 sp024298845	Halobacteria	RS_GCF_024298845.1
CP071596.1_2809	GCA_017357105.2	NZ_JALXFV010000008.1_111	False	17	CP071596.1_2809@GCA_017357105.2	154.0	Archaea	Halobacteriota	Halobacteria	Halobacteriales	Natrialbaceae	Tc-Br11	Tc-Br11 sp017357105	Halobacteria	GB_GCA_017357105.2
NZ_CP095487.1_324	GCF_023028345.1	NZ_JALXFV010000008.1_111	False	17	NZ_CP095487.1_324	154.0	Archaea	Halobacteriota	Halobacteria	Halobacteriales	Haloarculaceae	Halorientalis	Halorientalis marina	Halobacteria	RS_GCF_023028345.1
CP094974.1_2033	GCA_022869805.1	NZ_JALXFV010000008.1_111	False	23	CP094974.1_2033@GCA_022869805.1	153.0	Archaea	Halobacteriota	Halobacteria	Halobacteriales	Natrialbaceae	JALIQP01	JALIQP01 sp022869805	Halobacteria	GB_GCA_022869805.1
NZ_CP100762.1_1194	GCF_024296665.1	NZ_JALXFV010000008.1_111	False	26	WP_254768748.1@GCF_024296665.1	153.0	Archaea	Halobacteriota	Halobacteria	Halobacteriales	Natrialbaceae	AD-4	AD-4 sp024296665	Halobacteria	RS_GCF_024296665.1
NZ_CP095491.1_3768	GCF_023028105.1	NZ_JALXFV010000008.1_111	False	23	WP_247001299.1@GCF_023028105.1	152.0	Archaea	Halobacteriota	Halobacteria	Halobacteriales	Natrialbaceae	JALIQP01	JALIQP01 sp023028105	Halobacteria	RS_GCF_023028105.1
NZ_CP099997.1_917	GCF_024138145.1	NZ_JALXFV010000008.1_111	False	22	WP_253435879.1@GCF_024138145.1	150.0	Archaea	Halobacteriota	Halobacteria	Halobacteriales	Natrialbaceae	Tc-Br11	Tc-Br11 sp024138145	Halobacteria	RS_GCF_024138145.1
NZ_FNFE01000001.1_936	GCF_900100335.1	NZ_JALXFV010000008.1_111	False	19	A0A1G8V2I7	149.0	Archaea	Halobacteriota	Halobacteria	Halobacteriales	Natrialbaceae	Natronorubrum	Natronorubrum texcoconense	Halobacteria	RS_GCF_900100335.1
NZ_JALIQP010000002.1_29	GCF_023566055.1	NZ_JALXFV010000008.1_111	False	21	WP_250139651.1@GCF_023566055.1	149.0	Archaea	Halobacteriota	Halobacteria	Halobacteriales	Natrialbaceae	JALIQP01	JALIQP01 sp023566055	Halobacteria	RS_GCF_023566055.1
NZ_JAAOIR010000004.1_201	GCF_011440375.1	NZ_JALXFV010000008.1_111	False	17	NZ_JAAOIR010000004.1_201	149.0	Archaea	Halobacteriota	Halobacteria	Halobacteriales	Natrialbaceae	Halorubellus	Halorubellus sp011440375	Halobacteria	RS_GCF_011440375.1
NZ_SBIT01000009.1_131	GCF_004765785.1	NZ_JALXFV010000008.1_111	False	18	WP_135826158.1@GCF_004765785.1	149.0	Archaea	Halobacteriota	Halobacteria	Halobacteriales	Haladaptataceae	Halorussus	Halorussus ruber	Halobacteria	RS_GCF_004765785.1
NZ_CP101458.1_1831	GCF_024362525.1	NZ_JALXFV010000008.1_111	False	23	NZ_CP101458.1_1831	149.0	Archaea	Halobacteriota	Halobacteria	Halobacteriales	Natrialbaceae	Natronobiforma	Natronobiforma sp024362525	Halobacteria	RS_GCF_024362525.1
NC_019964.1_1707	GCF_000328525.1	NZ_JALXFV010000008.1_111	False	26	L0IC65	149.0	Archaea	Halobacteriota	Halobacteria	Halobacteriales	Natrialbaceae	Halovivax	Halovivax ruber	Halobacteria	RS_GCF_000328525.1
NZ_CP100355.1_2579	GCF_024204665.1	NZ_JALXFV010000008.1_111	False	17	A0A9E7STM1	147.0	Archaea	Halobacteriota	Halobacteria	Halobacteriales	Natrialbaceae	Tc-Br11	Tc-Br11 sp024204665	Halobacteria	RS_GCF_024204665.1
NZ_WUUT01000004.1_56	GCF_009831575.1	NZ_JALXFV010000008.1_111	False	20	A0A6B0T947	147.0	Archaea	Halobacteriota	Halobacteria	Halobacteriales	Haloarculaceae	Halovenus	Halovenus carboxidivorans	Halobacteria	RS_GCF_009831575.1
NZ_AOIQ01000024.1_31	GCF_000337515.1	NZ_JALXFV010000008.1_111	False	26	WP_083893876.1@GCF_000337515.1	146.0	Archaea	Halobacteriota	Halobacteria	Halobacteriales	Natrialbaceae	Halovivax	Halovivax asiaticus	Halobacteria	RS_GCF_000337515.1
NZ_CP099546.1_2862	GCF_023973145.1	NZ_JALXFV010000008.1_111	False	15	WP_252698912.1@GCF_023973145.1	143.0	Archaea	Halobacteriota	Halobacteria	Halobacteriales	Natrialbaceae	Tc-Br11	Tc-Br11 sp023973145	Halobacteria	RS_GCF_023973145.1
NZ_BMPD01000001.1_190	GCF_014647415.1	NZ_JALXFV010000008.1_111	False	18	NZ_BMPD01000001.1_190	136.0	Archaea	Halobacteriota	Halobacteria	Halobacteriales	Haloarculaceae	Haloarcula	Haloarcula sebkhae	Halobacteria	RS_GCF_014647415.1
PXSA01000026.1_2	GCA_003023565.1	NZ_JALXFV010000008.1_111	True	12	PXSA01000026.1_2	136.0	Archaea	Halobacteriota	Halobacteria	Halobacteriales	QS-9-68-17	Halostella	Halostella sp003023565	Halobacteria	GB_GCA_003023565.1
NZ_RDFA01000002.1_230	GCF_004118325.1	NZ_JALXFV010000008.1_111	False	14	A0A498KX20	135.0	Archaea	Halobacteriota	Halobacteria	Halobacteriales	Haloarculaceae	Halorientalis	Halorientalis pallida	Halobacteria	RS_GCF_004118325.1
NZ_RKSM01000001.1_109	GCF_008729015.1	NZ_JALXFV010000008.1_111	False	18	WP_225307709.1@GCF_008729015.1	135.0	Archaea	Halobacteriota	Halobacteria	Halobacteriales	Haloarculaceae	Haloarcula	Haloarcula sp008729015	Halobacteria	RS_GCF_008729015.1
NC_015948.1_2374	GCF_000223905.1	NZ_JALXFV010000008.1_111	False	20	NC_015948.1_2374	135.0	Archaea	Halobacteriota	Halobacteria	Halobacteriales	Haloarculaceae	Haloarcula	Haloarcula hispanica	Halobacteria	RS_GCF_000223905.1
AOLX01000025.1_214	GCA_000336895.1	NZ_JALXFV010000008.1_111	False	19	AOLX01000025.1_214	134.0	Archaea	Halobacteriota	Halobacteria	Halobacteriales	Haloarculaceae	Haloarcula	Haloarcula argentinensis	Halobacteria	GB_GCA_000336895.1
NZ_AOLW01000046.1_30	GCF_000336615.1	NZ_JALXFV010000008.1_111	False	18	NZ_AOLW01000046.1_30	134.0	Archaea	Halobacteriota	Halobacteria	Halobacteriales	Haloarculaceae	Haloarcula	Haloarcula amylolytica	Halobacteria	RS_GCF_000336615.1
PXRK01000024.1_21	GCA_003021015.1	NZ_JALXFV010000008.1_111	False	25	A0A2R6HHF1	133.0	Archaea	Halobacteriota	Halobacteria	Halobacteriales	Haloarculaceae	Halovenus	Halovenus sp003021015	Halobacteria	GB_GCA_003021015.1
NZ_JALJCL010000008.1_177	GCF_023698535.1	NZ_JALXFV010000008.1_111	False	23	A0A1G7NPL8	132.0	Archaea	Halobacteriota	Halobacteria	Halobacteriales	Haloarculaceae	Halorientalis	Halorientalis regularis	Halobacteria	RS_GCF_023698535.1
NZ_LIUF01000002.1_453	GCF_001280425.1	NZ_JALXFV010000008.1_111	False	19	WP_155119940.1@GCF_001280425.1	131.0	Archaea	Halobacteriota	Halobacteria	Halobacteriales	Haloarculaceae	Haloarcula	Haloarcula rubripromontorii	Halobacteria	RS_GCF_001280425.1
NZ_CP019154.1_2373	GCF_002844335.1	NZ_JALXFV010000008.1_111	False	19	NZ_CP019154.1_2373	130.0	Archaea	Halobacteriota	Halobacteria	Halobacteriales	Haloarculaceae	Haloarcula	Haloarcula taiwanensis	Halobacteria	RS_GCF_002844335.1
NZ_BCNB01000006.1_1380	GCF_001485575.1	NZ_JALXFV010000008.1_111	False	19	NZ_BCNB01000006.1_1380	127.0	Archaea	Halobacteriota	Halobacteria	Halobacteriales	Haloarculaceae	Haloarcula	Haloarcula sp001485575	Halobacteria	RS_GCF_001485575.1
WHTU01000040.1_32	GCA_009377575.1	NZ_CP012850.1_206	True	17	WHTU01000040.1_32	125.0	Archaea	Thermoproteota	Nitrososphaeria	Nitrososphaerales	Nitrososphaeraceae	TH5896	TH5896 sp009377575	Nitrososphaeria	GB_GCA_009377575.1
NZ_CP019067.1_3156	GCF_001989615.1	NZ_JALXFV010000008.1_111	False	26	WP_077207559.1@GCF_001989615.1	122.0	Archaea	Halobacteriota	Halobacteria	Halobacteriales	Haloarculaceae	Halorientalis	Halorientalis sp001989615	Halobacteria	RS_GCF_001989615.1
JAATVP010000001.1_1	GCA_014523625.1	NZ_CP012850.1_206	True	12	JAATVP010000001.1_1@GCA_014523625.1	121.0	Archaea	Thermoproteota	Nitrososphaeria	Nitrososphaerales	Nitrososphaeraceae	TH5896	TH5896 sp014523625	Nitrososphaeria	GB_GCA_014523625.1
NZ_FOCX01000010.1_13	GCF_900110215.1	NZ_JALXFV010000008.1_111	True	24	A0A1H8N4I1	121.0	Archaea	Halobacteriota	Halobacteria	Halobacteriales	Haloarculaceae	Halorientalis	Halorientalis persica	Halobacteria	RS_GCF_900110215.1
LKNH01000051.1_10	GCA_001564135.1	NZ_JALXFV010000008.1_111	True	8	LKNH01000051.1_10@GCA_001564135.1	121.0	Archaea	Halobacteriota	Halobacteria	Halobacteriales	Haloarculaceae	Halovenus	Halovenus sp001564135	Halobacteria	GB_GCA_001564135.1
JAATVS010000148.1_17	GCA_014523695.1	NZ_CP012850.1_206	True	15	JAATVS010000148.1_17@GCA_014523695.1	121.0	Archaea	Thermoproteota	Nitrososphaeria	Nitrososphaerales	Nitrososphaeraceae	TH5896	TH5896 sp014523695	Nitrososphaeria	GB_GCA_014523695.1
NZ_WRXM01000002.1_436	GCF_010119205.1	NZ_RKLT01000002.1_637	False	24	A0A8J8C4B2	118.0	Archaea	Halobacteriota	Halobacteria	Halobacteriales	Haloarculaceae	Halomicroarcula	Halomicroarcula limicola	Halobacteria	RS_GCF_010119205.1
JAATVR010000490.1_11	GCA_014523665.1	NZ_CP012850.1_206	True	12	JAATVR010000490.1_11@GCA_014523665.1	117.0	Archaea	Thermoproteota	Nitrososphaeria	Nitrososphaerales	Nitrososphaeraceae	TH5896	TH5896 sp014523665	Nitrososphaeria	GB_GCA_014523665.1
JAFGCY010000084.1_24	GCA_016932385.1	JAFGCY010000084.1_24	False	16	MBN2082604.1@GCA_016932385.1	115.0	Bacteria	4484-113	4484-113	4484-113	JAFGCY01	JAFGCY01	JAFGCY01 sp016932385	Bacteria	GB_GCA_016932385.1
JAATVK010000265.1_3	GCA_014523485.1	NZ_CP012850.1_206	True	4	JAATVK010000265.1_3@GCA_014523485.1	113.0	Archaea	Thermoproteota	Nitrososphaeria	Nitrososphaerales	Nitrososphaeraceae	TH1177	TH1177 sp014523485	Nitrososphaeria	GB_GCA_014523485.1
NZ_CP012850.1_278	GCF_000802205.1	NZ_CP012850.1_206	False	25	A0A654M5S1	113.0	Archaea	Thermoproteota	Nitrososphaeria	Nitrososphaerales	Nitrososphaeraceae	Nitrosocosmicus	Nitrosocosmicus oleophilus	Nitrososphaeria	RS_GCF_000802205.1
NZ_CP017922.1_615	GCF_001870125.1	NZ_CP012850.1_206	False	19	WP_148685693.1@GCF_001870125.1	111.0	Archaea	Thermoproteota	Nitrososphaeria	Nitrososphaerales	Nitrososphaeraceae	Nitrosocosmicus	Nitrosocosmicus hydrocola	Nitrososphaeria	RS_GCF_001870125.1
CP060262.1_2224	GCA_022646745.1	JAHEFU010000095.1_2	False	18	A0A961AEL5	110.0	Bacteria	4484-113	4484-113	4484-113	JAFGCY01	JAHEFU01	JAHEFU01 sp022646745	Bacteria	GB_GCA_022646745.1
NZ_CP084469.1_3577	GCF_020405205.1	NZ_CP100756.1_2758	False	22	NZ_CP084469.1_3577	109.0	Archaea	Halobacteriota	Halobacteria	Halobacteriales	Natrialbaceae	Natrinema	Natrinema salinisoli	Halobacteria	RS_GCF_020405205.1
NZ_RKLT01000002.1_637	GCF_019599505.1	NZ_RKLT01000002.1_637	False	23	WP_220579815.1@GCF_019599505.1	108.0	Archaea	Halobacteriota	Halobacteria	Halobacteriales	Haloarculaceae	Halomicroarcula	Halomicroarcula nitratireducens	Halobacteria	RS_GCF_019599505.1
JAHEFU010000095.1_2	GCA_024645305.1	JAHEFU010000095.1_2	True	5	JAHEFU010000095.1_2@GCA_024645305.1	106.0	Bacteria	4484-113	4484-113	4484-113	JAFGCY01	JAHEFU01	JAHEFU01 sp024645305	Bacteria	GB_GCA_024645305.1
NZ_QURE01000100.1_5	GCF_009898475.1	NZ_CP012850.1_206	True	5	WP_162477744.1@GCF_009898475.1	106.0	Archaea	Thermoproteota	Nitrososphaeria	Nitrososphaerales	Nitrososphaeraceae	Nitrosopolaris	Nitrosopolaris sp009898475	Nitrososphaeria	RS_GCF_009898475.1
JAFAQB010000083.1_12	GCA_019246625.1	NZ_CP012850.1_206	True	16	JAFAQB010000083.1_12	106.0	Archaea	Thermoproteota	Nitrososphaeria	Nitrososphaerales	Nitrososphaeraceae	JAFAQB01	JAFAQB01 sp019246625	Nitrososphaeria	GB_GCA_019246625.1
JAJNBK010000116.1_1	GCA_021155845.1	NZ_CP012850.1_206	True	5	JAJNBK010000116.1_1	102.0	Archaea	Thermoproteota	Nitrososphaeria	Nitrososphaerales	Nitrososphaeraceae	JAJNBK01	JAJNBK01 sp021155845	Nitrososphaeria	GB_GCA_021155845.1
NZ_WUYX01000030.1_95	GCF_009834785.1	NZ_JAJCVI010000003.1_22	False	20	WP_235920789.1@GCF_009834785.1	100.0	Archaea	Halobacteriota	Halobacteria	Halobacteriales	Natrialbaceae	Natronorubrum	Natronorubrum halalkaliphilum	Halobacteria	RS_GCF_009834785.1
NZ_PHNJ01000001.1_372	GCF_008122205.1	NZ_PHNJ01000001.1_372	False	19	A0A8J8Q722	99.0	Archaea	Halobacteriota	Halobacteria	Halobacteriales	Natrialbaceae	Natronococcus	Natronococcus pandeyae	Halobacteria	RS_GCF_008122205.1
JADDOW010000025.1_5	GCA_016782225.1	NZ_CP012850.1_206	True	15	JADDOW010000025.1_5@GCA_016782225.1	99.0	Archaea	Thermoproteota	Nitrososphaeria	Nitrososphaerales	Nitrososphaeraceae	Nitrosocosmicus	Nitrosocosmicus sp016782225	Nitrososphaeria	GB_GCA_016782225.1
JAATVT010000096.1_7	GCA_014523685.1	NZ_CP012850.1_206	True	11	JAATVT010000096.1_7@GCA_014523685.1	96.0	Archaea	Thermoproteota	Nitrososphaeria	Nitrososphaerales	Nitrososphaeraceae	TH5893	TH5893 sp014523685	Nitrososphaeria	GB_GCA_014523685.1
NZ_CP100756.1_2758	GCF_024266705.1	NZ_CP100756.1_2758	False	21	NZ_CP100756.1_2758	93.0	Archaea	Halobacteriota	Halobacteria	Halobacteriales	Natrialbaceae	Natrinema	Natrinema sp024266705	Halobacteria	RS_GCF_024266705.1
SYJQ01000011.1_8	GCA_005798405.1	PAAH01000002.1_2	True	19	SYJQ01000011.1_8@GCA_005798405.1	93.0	Archaea	Thermoproteota	Nitrososphaeria	Nitrososphaerales	Nitrosopumilaceae	Nitrosarchaeum	Nitrosarchaeum sp005798405	Nitrososphaeria	GB_GCA_005798405.1
NZ_CP095482.1_1916	GCF_023028225.1	NZ_JAJCVI010000003.1_22	False	21	WP_247006115.1@GCF_023028225.1	92.0	Archaea	Halobacteriota	Halobacteria	Halobacteriales	Haloarculaceae	Halorientalis	Halorientalis litorea	Halobacteria	RS_GCF_023028225.1
BGOU01000010.1_32	GCA_003569705.1	PAAH01000002.1_2	False	23	A0A388QLV9	92.0	Archaea	Thermoproteota	Nitrososphaeria	Nitrososphaerales	Nitrosopumilaceae	Nitrosarchaeum	Nitrosarchaeum sp003569705	Nitrososphaeria	GB_GCA_003569705.1
JACDHC010000052.1_3	GCA_013821245.1	NZ_CP012850.1_206	True	9	A0A838W7R1	92.0	Archaea	Thermoproteota	Nitrososphaeria	Nitrososphaerales	Nitrososphaeraceae	Nitrosocosmicus	Nitrosocosmicus sp013821245	Nitrososphaeria	GB_GCA_013821245.1
JADDOQ010000026.1_22	GCA_016782315.1	NZ_CP012850.1_206	True	20	JADDOQ010000026.1_22@GCA_016782315.1	92.0	Archaea	Thermoproteota	Nitrososphaeria	Nitrososphaerales	Nitrososphaeraceae	Nitrosocosmicus	Nitrosocosmicus sp016782315	Nitrososphaeria	GB_GCA_016782315.1
JACASW010000013.1_13	GCA_013390785.1	PAAH01000002.1_2	False	26	A0A7K4NUK8	91.0	Archaea	Thermoproteota	Nitrososphaeria	Nitrososphaerales	Nitrosopumilaceae	Nitrosopelagicus	Nitrosopelagicus sp013390785	Nitrososphaeria	GB_GCA_013390785.1
JAANXC010000074.1_2	GCA_018263495.1	PAAH01000002.1_2	True	4	A0A8T4KAN1	91.0	Archaea	Thermoproteota	Nitrososphaeria	Nitrososphaerales	Nitrosopumilaceae	Nitrosopelagicus	Nitrosopelagicus sp018263495	Nitrososphaeria	GB_GCA_018263495.1
JAHFUX010000005.1_26	GCA_023264875.1	PAAH01000002.1_2	False	21	JAHFUX010000005.1_26	91.0	Archaea	Thermoproteota	Nitrososphaeria	Nitrososphaerales	Nitrosopumilaceae	Nitrosarchaeum	Nitrosarchaeum sp023264875	Nitrososphaeria	GB_GCA_023264875.1
NSIR01000010.1_25	GCA_002737445.1	PAAH01000002.1_2	True	15	NSIR01000010.1_25	91.0	Archaea	Thermoproteota	Nitrososphaeria	Nitrososphaerales	Nitrosopumilaceae	Nitrosarchaeum	Nitrosarchaeum sp002737445	Nitrososphaeria	GB_GCA_002737445.1
NZ_CP030846.1_1190	GCF_013407275.1	PAAH01000002.1_2	False	21	A0A7D5REW5	91.0	Archaea	Thermoproteota	Nitrososphaeria	Nitrososphaerales	Nitrosopumilaceae	Nitrosotenuis	Nitrosotenuis sp013407275	Nitrososphaeria	RS_GCF_013407275.1
JAKAJY010000012.1_2	GCA_021824845.1	PAAH01000002.1_2	True	6	JAKAJY010000012.1_2	91.0	Archaea	Thermoproteota	Nitrososphaeria	Nitrososphaerales	Nitrosopumilaceae	Nitrosotenuis	Nitrosotenuis sp021824845	Nitrososphaeria	GB_GCA_021824845.1
JACASX010000001.1_194	GCA_013390745.1	PAAH01000002.1_2	False	21	A0A7K4NNL9	91.0	Archaea	Thermoproteota	Nitrososphaeria	Nitrososphaerales	Nitrosopumilaceae	Nitrosopelagicus	Nitrosopelagicus sp013390745	Nitrososphaeria	GB_GCA_013390745.1
RKRY01000155.1_12	GCA_007571135.1	PAAH01000002.1_2	True	18	RKRY01000155.1_12	91.0	Archaea	Thermoproteota	Nitrososphaeria	Nitrososphaerales	Nitrosopumilaceae	Nitrosopumilus	Nitrosopumilus sp007571135	Nitrososphaeria	GB_GCA_007571135.1
QOOS01000008.1_60	GCA_003331425.1	PAAH01000002.1_2	False	22	A0A368B0K9	91.0	Archaea	Thermoproteota	Nitrososphaeria	Nitrososphaerales	Nitrosopumilaceae	Nitrosopumilus	Nitrosopumilus sp002690535	Nitrososphaeria	GB_GCA_003331425.1
JAEMQG010000051.1_2	GCA_022758935.1	PAAH01000002.1_2	True	3	JAEMQG010000051.1_2	90.0	Archaea	Thermoproteota	Nitrososphaeria	Nitrososphaerales	Nitrosopumilaceae	Nitrosarchaeum	Nitrosarchaeum sp022758935	Nitrososphaeria	GB_GCA_022758935.1
JACEMX010000025.1_9	GCA_013867335.1	PAAH01000002.1_2	True	8	A0A7J9R9B0	90.0	Archaea	Thermoproteota	Nitrososphaeria	Nitrososphaerales	Nitrosopumilaceae	JACEMX01	JACEMX01 sp013867335	Nitrososphaeria	GB_GCA_013867335.1
NZ_CP007026.1_810	GCF_000812185.1	PAAH01000002.1_2	False	29	A0A0A7V1B0	90.0	Archaea	Thermoproteota	Nitrososphaeria	Nitrososphaerales	Nitrosopumilaceae	Nitrosopelagicus	Nitrosopelagicus brevis	Nitrososphaeria	RS_GCF_000812185.1
JAJRWR010000006.1_14	GCA_024276695.1	PAAH01000002.1_2	False	25	JAJRWR010000006.1_14	90.0	Archaea	Thermoproteota	Nitrososphaeria	Nitrososphaerales	Nitrosopumilaceae	Nitrosopumilus	Nitrosopumilus sp024276695	Nitrososphaeria	GB_GCA_024276695.1
CP046181.1_1955	GCA_014075315.1	PAAH01000002.1_2	False	24	A0A7D7V958	90.0	Archaea	Thermoproteota	Nitrososphaeria	Nitrososphaerales	Nitrosopumilaceae	Nitrosopumilus	Nitrosopumilus sp014075315	Nitrososphaeria	GB_GCA_014075315.1
NZ_KB913017.1_1890	GCF_000383975.1	NZ_JALXFV010000008.1_111	False	22	L9WEY7	90.0	Archaea	Halobacteriota	Halobacteria	Halobacteriales	Natrialbaceae	Natronorubrum	Natronorubrum tibetense	Halobacteria	RS_GCF_000383975.1
NZ_MU078716.1_61	GCF_014078545.1	PAAH01000002.1_2	False	22	A0A9D2X5K2	89.0	Archaea	Thermoproteota	Nitrososphaeria	Nitrososphaerales	Nitrosopumilaceae	PXYB01	PXYB01 sp014078545	Nitrososphaeria	RS_GCF_014078545.1
CACDFH010000003.1_72	GCA_902552015.1	PAAH01000002.1_2	False	30	CACDFH010000003.1_72	89.0	Archaea	Thermoproteota	Nitrososphaeria	Nitrososphaerales	Nitrosopumilaceae	Nitrosopelagicus	Nitrosopelagicus sp902552015	Nitrososphaeria	GB_GCA_902552015.1
CAJWBY010000188.1_8	GCA_913020705.1	PAAH01000002.1_2	True	7	CAJWBY010000188.1_8@GCA_913020705.1	89.0	Bacteria	Pseudomonadota	Gammaproteobacteria	Enterobacterales_A	Alteromonadaceae	Colwellia_A	Colwellia_A sp913020705	Bacteria	GB_GCA_913020705.1
NZ_CP058335.1_3807	GCF_013391105.1	NZ_JALXFV010000008.1_111	False	23	WP_178335851.1@GCF_013391105.1	89.0	Archaea	Halobacteriota	Halobacteria	Halobacteriales	Haloarculaceae	Natronomonas	Natronomonas salina	Halobacteria	RS_GCF_013391105.1
JAIOOR010000024.1_57	GCA_021414365.1	PAAH01000002.1_2	False	25	MCE9653533.1@GCA_021414365.1	89.0	Archaea	Thermoproteota	Nitrososphaeria	Nitrososphaerales	Nitrosopumilaceae	Nitrosarchaeum	Nitrosarchaeum sp021414365	Nitrososphaeria	GB_GCA_021414365.1
JACRND010000156.1_2	GCA_016234975.1	PAAH01000002.1_2	True	4	JACRND010000156.1_2	88.0	Archaea	Thermoproteota	Nitrososphaeria	Nitrososphaerales	Nitrosopumilaceae	Nitrosarchaeum	Nitrosarchaeum sp016234975	Nitrososphaeria	GB_GCA_016234975.1
LUPB01000013.1_2	GCA_001627235.1	PAAH01000002.1_2	True	12	LUPB01000013.1_2@GCA_001627235.1	88.0	Archaea	Thermoproteota	Nitrososphaeria	Nitrososphaerales	Nitrosopumilaceae	Nitrosopelagicus	Nitrosopelagicus sp001627235	Nitrososphaeria	GB_GCA_001627235.1
JABHJJ010000155.1_2	GCA_018691945.1	PAAH01000002.1_2	True	21	MBT7252981.1@GCA_018691945.1	88.0	Archaea	Thermoproteota	Nitrososphaeria	Nitrososphaerales	Nitrosopumilaceae	Nitrosopelagicus	Nitrosopelagicus sp018691945	Nitrososphaeria	GB_GCA_018691945.1
JACATG010000004.1_59	GCA_013390905.1	PAAH01000002.1_2	False	21	A0A7K4P4Y1	88.0	Archaea	Thermoproteota	Nitrososphaeria	Nitrososphaerales	Nitrosopumilaceae	Nitrosopumilus	Nitrosopumilus sp013390905	Nitrososphaeria	GB_GCA_013390905.1
CACHDH010000007.1_5	GCA_902578515.1	PAAH01000002.1_2	True	16	CACHDH010000007.1_5@GCA_902578515.1	88.0	Archaea	Thermoproteota	Nitrososphaeria	Nitrososphaerales	Nitrosopumilaceae	Nitrosopelagicus	Nitrosopelagicus sp902578515	Nitrososphaeria	GB_GCA_902578515.1
CAJQSE010000004.1_9	GCA_905612485.1	PAAH01000002.1_2	True	18	CAJQSE010000004.1_9	88.0	Archaea	Thermoproteota	Nitrososphaeria	Nitrososphaerales	Nitrosopumilaceae	Nitrosopumilus	Nitrosopumilus sp905612485	Nitrososphaeria	GB_GCA_905612485.1
JAENJF010000050.1_2	GCA_016844685.1	PAAH01000002.1_2	True	10	A0A843CQI4	88.0	Archaea	Thermoproteota	Nitrososphaeria	Nitrososphaerales	Nitrosopumilaceae	Nitrosotenuis	Nitrosotenuis sp016844685	Nitrososphaeria	GB_GCA_016844685.1
NZ_FNYR01000003.1_29	GCF_900109065.1	NZ_JALXFV010000008.1_111	False	21	A0A1H6RWL0	87.0	Archaea	Halobacteriota	Halobacteria	Halobacteriales	Haloferacaceae	Halohasta	Halohasta litchfieldiae	Halobacteria	RS_GCF_900109065.1
NZ_AFPU01000001.1_1089	GCF_000220175.1	PAAH01000002.1_2	False	21	WP_237698801.1@GCF_000220175.1	87.0	Archaea	Thermoproteota	Nitrososphaeria	Nitrososphaerales	Nitrosopumilaceae	Nitrosarchaeum	Nitrosarchaeum koreense	Nitrososphaeria	RS_GCF_000220175.1
SCUP01000321.1_12	GCA_004297665.1	PAAH01000002.1_2	True	12	A0A521T9K2	87.0	Archaea	Thermoproteota	Nitrososphaeria	Nitrososphaerales	Nitrosopumilaceae	Nitrosarchaeum	Nitrosarchaeum sp004297665	Nitrososphaeria	GB_GCA_004297665.1
JACNFR010000062.1_14	GCA_014384555.1	PAAH01000002.1_2	False	25	JACNFR010000062.1_14	87.0	Archaea	Thermoproteota	Nitrososphaeria	Nitrososphaerales	Nitrosopumilaceae	Nitrosopumilus	Nitrosopumilus sp014384555	Nitrososphaeria	GB_GCA_014384555.1
DP000238.1_1280	GCA_000200715.1	PAAH01000002.1_2	False	30	A0RXE4	87.0	Archaea	Thermoproteota	Nitrososphaeria	Nitrososphaerales	Nitrosopumilaceae	Cenarchaeum	Cenarchaeum symbiosum	Nitrososphaeria	GB_GCA_000200715.1
CACIXQ010000007.1_17	GCA_902590655.1	PAAH01000002.1_2	False	22	CACIXQ010000007.1_17	87.0	Archaea	Thermoproteota	Nitrososphaeria	Nitrososphaerales	Nitrosopumilaceae	Nitrosopelagicus	Nitrosopelagicus sp902590655	Nitrososphaeria	GB_GCA_902590655.1
ARWO01000032.1_136	GCA_000402075.1	PAAH01000002.1_2	False	23	ARWO01000032.1_136@GCA_000402075.1	87.0	Archaea	Thermoproteota	Nitrososphaeria	Nitrososphaerales	Nitrosopumilaceae	Nitrosopelagicus	Nitrosopelagicus sp000402075	Nitrososphaeria	GB_GCA_000402075.1
OMIR01000017.1_16	GCA_900299125.1	PAAH01000002.1_2	True	17	OMIR01000017.1_16@GCA_900299125.1	87.0	Archaea	Thermoproteota	Nitrososphaeria	Nitrososphaerales	Nitrosopumilaceae	Nitrosotenuis	Nitrosotenuis sp900299125	Nitrososphaeria	GB_GCA_900299125.1
JACATA010000010.1_4	GCA_013390375.1	PAAH01000002.1_2	True	14	A0A7K4MYY1	87.0	Archaea	Thermoproteota	Nitrososphaeria	Nitrososphaerales	Nitrosopumilaceae	Nitrosopelagicus	Nitrosopelagicus sp000484935	Nitrososphaeria	GB_GCA_013390375.1
NZ_CP011097.1_858	GCF_000955905.1	PAAH01000002.1_2	False	22	NZ_CP011097.1_858	87.0	Archaea	Thermoproteota	Nitrososphaeria	Nitrososphaerales	Nitrosopumilaceae	Nitrosotenuis	Nitrosotenuis cloacae	Nitrososphaeria	RS_GCF_000955905.1
JAIOPB010000036.1_15	GCA_021414105.1	PAAH01000002.1_2	True	12	JAIOPB010000036.1_15	87.0	Archaea	Thermoproteota	Nitrososphaeria	Nitrososphaerales	Nitrosopumilaceae	Nitrosarchaeum	Nitrosarchaeum sp021414105	Nitrososphaeria	GB_GCA_021414105.1
NZ_CP067007.1_590	GCF_018128925.1	PAAH01000002.1_2	False	23	A0A8B2HRE8	87.0	Archaea	Thermoproteota	Nitrososphaeria	Nitrososphaerales	Nitrosopumilaceae	Nitrosarchaeum_A	Nitrosarchaeum_A sp018128925	Nitrososphaeria	RS_GCF_018128925.1
JAHFUM010000012.1_40	GCA_023265135.1	PAAH01000002.1_2	False	16	JAHFUM010000012.1_40@GCA_023265135.1	86.0	Archaea	Thermoproteota	Nitrososphaeria	Nitrososphaerales	Nitrosopumilaceae	Nitrosarchaeum	Nitrosarchaeum sp023265135	Nitrososphaeria	GB_GCA_023265135.1
JABFSW010000086.1_2	GCA_013140415.1	PAAH01000002.1_2	True	3	A0A7K4FZD1	86.0	Archaea	Thermoproteota	Nitrososphaeria	Nitrososphaerales	Nitrosopumilaceae	Nitrosarchaeum	Nitrosarchaeum sp013140415	Nitrososphaeria	GB_GCA_013140415.1
JAHELB010000056.1_2	GCA_024644385.1	PAAH01000002.1_2	True	6	JAHELB010000056.1_2@GCA_024644385.1	86.0	Archaea	Thermoproteota	Nitrososphaeria	Nitrososphaerales	Nitrosopumilaceae	JACEMX01	JACEMX01 sp024644385	Nitrososphaeria	GB_GCA_024644385.1
VHBK01000024.1_24	GCA_016872015.1	PAAH01000002.1_2	True	13	MBM3904681.1@GCA_016872015.1	86.0	Archaea	Thermoproteota	Nitrososphaeria	Nitrososphaerales	Nitrosopumilaceae	Nitrosotenuis	Nitrosotenuis sp016872015	Nitrososphaeria	GB_GCA_016872015.1
QQVN01000003.1_729	GCA_003352285.1	PAAH01000002.1_2	False	24	A0A370LUJ7	86.0	Archaea	Thermoproteota	Nitrososphaeria	Nitrososphaerales	Nitrosopumilaceae	PXYB01	PXYB01 sp003352285	Nitrososphaeria	GB_GCA_003352285.1
JAGQHF010000113.1_2	GCA_020431985.1	PAAH01000002.1_2	True	2	MCA9812424.1@GCA_020431985.1	86.0	Archaea	Thermoproteota	Nitrososphaeria	Nitrososphaerales	Nitrosopumilaceae	Nitrosarchaeum_A	Nitrosarchaeum_A sp020431985	Nitrososphaeria	GB_GCA_020431985.1
JABDOO010000067.1_1	GCA_013043295.1	PAAH01000002.1_2	True	9	A0A7K4EXI0	85.0	Archaea	Thermoproteota	Nitrososphaeria	Nitrososphaerales	Nitrosopumilaceae	Nitrosopumilus	Nitrosopumilus sp013043295	Nitrososphaeria	GB_GCA_013043295.1
NZ_AEXL02000090.1_176	GCF_000242875.2	PAAH01000002.1_2	False	26	I3D2F8	85.0	Archaea	Thermoproteota	Nitrososphaeria	Nitrososphaerales	Nitrosopumilaceae	Nitrosopumilus	Nitrosopumilus salaria	Nitrososphaeria	RS_GCF_000242875.2
NZ_CP026993.1_744	GCF_013407145.1	PAAH01000002.1_2	False	27	A0A7D5M1Y7	85.0	Archaea	Thermoproteota	Nitrososphaeria	Nitrososphaerales	Nitrosopumilaceae	Nitrosopumilus	Nitrosopumilus cobalaminigenes	Nitrososphaeria	RS_GCF_013407145.1
LFLC01000043.1_14	GCA_001543015.1	PAAH01000002.1_2	True	24	LFLC01000043.1_14	85.0	Archaea	Thermoproteota	Nitrososphaeria	Nitrososphaerales	Nitrosopumilaceae	Nitrosopumilus	Nitrosopumilus sp001543015	Nitrososphaeria	GB_GCA_001543015.1
NZ_CBTY010000008.1_448	GCF_000723185.1	PAAH01000002.1_2	False	23	V6ASY8	85.0	Archaea	Thermoproteota	Nitrososphaeria	Nitrososphaerales	Nitrosopumilaceae	Nitrosotenuis	Nitrosotenuis uzonensis	Nitrososphaeria	RS_GCF_000723185.1
NVWC01000001.1_171	GCA_002317795.1	PAAH01000002.1_2	False	24	NVWC01000001.1_171	85.0	Archaea	Thermoproteota	Nitrososphaeria	Nitrososphaerales	Nitrosopumilaceae	Nitrosopumilus	Nitrosopumilus sp002317795	Nitrososphaeria	GB_GCA_002317795.1
NZ_AVSQ01000018.1_7	GCF_000685395.1	PAAH01000002.1_2	True	10	WP_177316534.1@GCF_000685395.1	85.0	Archaea	Thermoproteota	Nitrososphaeria	Nitrososphaerales	Nitrosopumilaceae	Nitrosotenuis	Nitrosotenuis chungbukensis	Nitrososphaeria	RS_GCF_000685395.1
NZ_JANHDJ010000005.1_256	GCF_024494645.1	NZ_JALXFV010000008.1_111	False	17	NZ_JANHDJ010000005.1_256	85.0	Archaea	Halobacteriota	Halobacteria	Halobacteriales	Haloferacaceae	Halohasta	Halohasta litorea	Halobacteria	RS_GCF_024494645.1
NZ_CP026995.1_1593	GCF_013407185.1	PAAH01000002.1_2	False	25	A0A7D5R6H4	85.0	Archaea	Thermoproteota	Nitrososphaeria	Nitrososphaerales	Nitrosopumilaceae	Nitrosopumilus	Nitrosopumilus ureiphilus	Nitrososphaeria	RS_GCF_013407185.1
JAHELP010000009.1_11	GCA_024644105.1	PAAH01000002.1_2	True	23	JAHELP010000009.1_11	84.0	Archaea	Thermoproteota	Nitrososphaeria	Nitrososphaerales	Nitrosopumilaceae	Nitrosopumilus	Nitrosopumilus sp024644105	Nitrososphaeria	GB_GCA_024644105.1
NZ_CP035425.1_1785	GCF_006740685.1	PAAH01000002.1_2	False	24	A0A514LCL5	84.0	Archaea	Thermoproteota	Nitrososphaeria	Nitrososphaerales	Nitrosopumilaceae	Nitrosopumilus	Nitrosopumilus sp006740685	Nitrososphaeria	RS_GCF_006740685.1
CABXPS010000018.1_21	GCA_902514095.1	PAAH01000002.1_2	True	18	CABXPS010000018.1_21	84.0	Archaea	Thermoproteota	Nitrososphaeria	Nitrososphaerales	Nitrosopumilaceae	Nitrosopumilus	Nitrosopumilus sp902514095	Nitrososphaeria	GB_GCA_902514095.1
NC_018656.1_1168	GCF_000299395.1	PAAH01000002.1_2	False	25	K0BD28	84.0	Archaea	Thermoproteota	Nitrososphaeria	Nitrososphaerales	Nitrosopumilaceae	Nitrosopumilus	Nitrosopumilus sediminis	Nitrososphaeria	RS_GCF_000299395.1
JACZTB010000005.1_14	GCA_022573895.1	PAAH01000002.1_2	False	21	JACZTB010000005.1_14	84.0	Archaea	Thermoproteota	Nitrososphaeria	Nitrososphaerales	Nitrosopumilaceae	Nitrosopumilus	Nitrosopumilus sp022573895	Nitrososphaeria	GB_GCA_022573895.1
JACENB010000156.1_4	GCA_013867245.1	PAAH01000002.1_2	True	7	A0A7J9QBH3	84.0	Archaea	Thermoproteota	Nitrososphaeria	Nitrososphaerales	Nitrosopumilaceae	Nitrosopumilus	Nitrosopumilus sp013867245	Nitrososphaeria	GB_GCA_013867245.1
JOSY01000033.1_31	GCA_000746765.1	PAAH01000002.1_2	False	25	A0A081RPZ9	84.0	Archaea	Thermoproteota	Nitrososphaeria	Nitrososphaerales	Nitrosopumilaceae	Nitrosopumilus	Nitrosopumilus sp000746765	Nitrososphaeria	GB_GCA_000746765.1
JAAUVF010000069.1_4	GCA_012030815.1	PAAH01000002.1_2	True	7	JAAUVF010000069.1_4	84.0	Archaea	Thermoproteota	Nitrososphaeria	Nitrososphaerales	Nitrosopumilaceae	Nitrosarchaeum	Nitrosarchaeum sp012030815	Nitrososphaeria	GB_GCA_012030815.1
NZ_CP024808.1_386	GCF_002787055.1	PAAH01000002.1_2	False	22	NZ_CP024808.1_386	83.0	Archaea	Thermoproteota	Nitrososphaeria	Nitrososphaerales	Nitrosopumilaceae	Nitrosotenuis	Nitrosotenuis aquarius	Nitrososphaeria	RS_GCF_002787055.1
JAGQHE010000038.1_14	GCA_020431995.1	PAAH01000002.1_2	False	24	JAGQHE010000038.1_14	83.0	Archaea	Thermoproteota	Nitrososphaeria	Nitrososphaerales	Nitrosopumilaceae	Nitrosopumilus	Nitrosopumilus sp020431995	Nitrososphaeria	GB_GCA_020431995.1
NC_010085.1_1039	GCF_000018465.1	PAAH01000002.1_2	False	25	A9A2E7	83.0	Archaea	Thermoproteota	Nitrososphaeria	Nitrososphaerales	Nitrosopumilaceae	Nitrosopumilus	Nitrosopumilus maritimus	Nitrososphaeria	RS_GCF_000018465.1
REGK01000001.1_23	GCA_003702545.1	PAAH01000002.1_2	False	27	A0A3M6KDF1	83.0	Archaea	Thermoproteota	Nitrososphaeria	Nitrososphaerales	Nitrosopumilaceae	Nitrosopumilus	Nitrosopumilus sp003702545	Nitrososphaeria	GB_GCA_003702545.1
LFEZ01000001.1_8	GCA_001510295.1	PAAH01000002.1_2	True	28	LFEZ01000001.1_8	83.0	Archaea	Thermoproteota	Nitrososphaeria	Nitrososphaerales	Nitrosopumilaceae	Nitrosopelagicus	Nitrosopelagicus sp001510295	Nitrososphaeria	GB_GCA_001510295.1
JAGXTE010000058.1_180	GCA_018334095.1	PAAH01000002.1_2	False	22	A0A8T4XCF7	83.0	Archaea	Thermoproteota	Nitrososphaeria	Nitrososphaerales	Nitrosopumilaceae	Nitrosarchaeum	Nitrosarchaeum sp018334095	Nitrososphaeria	GB_GCA_018334095.1
JAANXA010000013.1_78	GCA_018263505.1	PAAH01000002.1_2	True	17	JAANXA010000013.1_78	83.0	Archaea	Thermoproteota	Nitrososphaeria	Nitrososphaerales	Nitrosopumilaceae	Nitrosopumilus	Nitrosopumilus sp018263505	Nitrososphaeria	GB_GCA_018263505.1
NZ_CP021324.1_650	GCF_002156965.1	PAAH01000002.1_2	False	22	A0A2Z2HKI6	83.0	Archaea	Thermoproteota	Nitrososphaeria	Nitrososphaerales	Nitrosopumilaceae	Nitrosopumilus	Nitrosopumilus catalinensis	Nitrososphaeria	RS_GCF_002156965.1
JACERO010000059.1_5	GCA_013911135.1	PAAH01000002.1_2	True	17	A0A838YJC3	83.0	Archaea	Thermoproteota	Nitrososphaeria	Nitrososphaerales	Nitrosopumilaceae	Nitrosopumilus	Nitrosopumilus sp013911135	Nitrososphaeria	GB_GCA_013911135.1
JAEFCZ010000037.1_38	GCA_016125975.1	PAAH01000002.1_2	False	23	A0A843BN56	83.0	Archaea	Thermoproteota	Nitrososphaeria	Nitrososphaerales	Nitrosopumilaceae	Nitrosopumilus	Nitrosopumilus sp016125975	Nitrososphaeria	GB_GCA_016125975.1
CAJQMY010000047.1_14	GCA_905479565.1	PAAH01000002.1_2	True	15	CAJQMY010000047.1_14	83.0	Archaea	Thermoproteota	Nitrososphaeria	Nitrososphaerales	Nitrosopumilaceae	Nitrosopumilus	Nitrosopumilus sp905479565	Nitrososphaeria	GB_GCA_905479565.1
JABSRD010000008.1_95	GCA_013215285.1	PAAH01000002.1_2	False	23	JABSRD010000008.1_95	82.0	Archaea	Thermoproteota	Nitrososphaeria	Nitrososphaerales	Nitrosopumilaceae	Nitrosopumilus	Nitrosopumilus sp013215285	Nitrososphaeria	GB_GCA_013215285.1
JAHEXS010000012.1_2	GCA_023252015.1	PAAH01000002.1_2	True	13	JAHEXS010000012.1_2	82.0	Archaea	Thermoproteota	Nitrososphaeria	Nitrososphaerales	Nitrosopumilaceae	Nitrosotenuis	Nitrosotenuis sp023252015	Nitrososphaeria	GB_GCA_023252015.1
JACNFV010000112.1_5	GCA_014384445.1	PAAH01000002.1_2	True	11	A0A842NTQ9	82.0	Archaea	Thermoproteota	Nitrososphaeria	Nitrososphaerales	Nitrosopumilaceae	Nitrosopumilus	Nitrosopumilus sp014384445	Nitrososphaeria	GB_GCA_014384445.1
NZ_CP011070.1_976	GCF_000956175.1	PAAH01000002.1_2	False	21	A0A0D5C1K9	82.0	Archaea	Thermoproteota	Nitrososphaeria	Nitrososphaerales	Nitrosopumilaceae	Nitrosopumilus	Nitrosopumilus adriaticus	Nitrososphaeria	RS_GCF_000956175.1
NZ_CP026994.1_732	GCF_013407165.1	PAAH01000002.1_2	False	23	A0A7D5RAF2	82.0	Archaea	Thermoproteota	Nitrososphaeria	Nitrososphaerales	Nitrosopumilaceae	Nitrosopumilus	Nitrosopumilus oxyclinae	Nitrososphaeria	RS_GCF_013407165.1
NC_018655.1_1140	GCF_000299365.1	PAAH01000002.1_2	False	18	K0B968	82.0	Archaea	Thermoproteota	Nitrososphaeria	Nitrososphaerales	Nitrosopumilaceae	Nitrosopumilus	Nitrosopumilus koreensis	Nitrososphaeria	RS_GCF_000299365.1
JABGTD010000004.1_37	GCA_018647405.1	PAAH01000002.1_2	True	21	MBT3474036.1@GCA_018647405.1	82.0	Archaea	Thermoproteota	Nitrososphaeria	Nitrososphaerales	Nitrosopumilaceae	Nitrosopelagicus	Nitrosopelagicus sp018647405	Nitrososphaeria	GB_GCA_018647405.1
NZ_AOII01000017.1_1	GCF_000337615.1	NZ_JALXFV010000008.1_111	True	13	NZ_AOII01000017.1_1	81.0	Archaea	Halobacteriota	Halobacteria	Halobacteriales	Natrialbaceae	Natrinema	Natrinema pallidum	Halobacteria	RS_GCF_000337615.1
REGH01000011.1_25	GCA_003702495.1	PAAH01000002.1_2	True	16	A0A3M6K0N5	81.0	Archaea	Thermoproteota	Nitrososphaeria	Nitrososphaerales	Nitrosopumilaceae	Nitrosopumilus	Nitrosopumilus sp003702495	Nitrososphaeria	GB_GCA_003702495.1
REGF01000007.1_13	GCA_003702465.1	PAAH01000002.1_2	False	23	A0A3M6K3X3	81.0	Archaea	Thermoproteota	Nitrososphaeria	Nitrososphaerales	Nitrosopumilaceae	Nitrosopumilus	Nitrosopumilus sp003702465	Nitrososphaeria	GB_GCA_003702465.1
VHBH01000001.1_77	GCA_016872055.1	PAAH01000002.1_2	False	22	VHBH01000001.1_77	81.0	Archaea	Thermoproteota	Nitrososphaeria	Nitrososphaerales	Nitrosopumilaceae	Nitrosotenuis	Nitrosotenuis sp016872055	Nitrososphaeria	GB_GCA_016872055.1
JABMOR010000028.1_17	GCA_013203245.1	PAAH01000002.1_2	True	14	JABMOR010000028.1_17	81.0	Archaea	Thermoproteota	Nitrososphaeria	Nitrososphaerales	Nitrosopumilaceae	Nitrosopumilus	Nitrosopumilus sp013203245	Nitrososphaeria	GB_GCA_013203245.1
JACZSC010000088.1_3	GCA_022574415.1	PAAH01000002.1_2	True	5	MCH8834010.1@GCA_022574415.1	81.0	Archaea	Thermoproteota	Nitrososphaeria	Nitrososphaerales	Nitrosopumilaceae	DRGT01	DRGT01 sp022574415	Nitrososphaeria	GB_GCA_022574415.1
REGJ01000004.1_62	GCA_003702525.1	PAAH01000002.1_2	True	16	A0A3M6KE52	81.0	Archaea	Thermoproteota	Nitrososphaeria	Nitrososphaerales	Nitrosopumilaceae	Nitrosopumilus	Nitrosopumilus sp003702525	Nitrososphaeria	GB_GCA_003702525.1
DTTB01000137.1_3	GCA_012964965.1	PAAH01000002.1_2	True	8	A0A2V3IAA3	81.0	Archaea	Thermoproteota	Nitrososphaeria	Nitrososphaerales	Nitrosopumilaceae	Nitrosopelagicus	Nitrosopelagicus sp012964965	Nitrososphaeria	GB_GCA_012964965.1
CAJQSS010000005.1_76	GCA_905616385.1	PAAH01000002.1_2	False	25	CAJQSS010000005.1_76	81.0	Archaea	Thermoproteota	Nitrososphaeria	Nitrososphaerales	Nitrosopumilaceae	Nitrosopumilus	Nitrosopumilus sp905616385	Nitrososphaeria	GB_GCA_905616385.1
JABJDB010000060.1_3	GCA_018668425.1	PAAH01000002.1_2	True	6	JABJDB010000060.1_3	81.0	Archaea	Thermoproteota	Nitrososphaeria	Nitrososphaerales	Nitrosopumilaceae	Nitrosopumilus	Nitrosopumilus sp018668425	Nitrososphaeria	GB_GCA_018668425.1
JADNRU010000010.1_18	GCA_016276965.1	PAAH01000002.1_2	False	21	A0A835SJB9	81.0	Archaea	Thermoproteota	Nitrososphaeria	Nitrososphaerales	Nitrosopumilaceae	CSP1-1	CSP1-1 sp016276965	Nitrososphaeria	GB_GCA_016276965.1
BFAR01000126.1_9	GCA_008974855.1	PAAH01000002.1_2	True	12	A0A5J4DVH6	80.0	Archaea	Thermoproteota	Nitrososphaeria	Nitrososphaerales	Nitrosopumilaceae	CSP1-1	CSP1-1 sp008974855	Nitrososphaeria	GB_GCA_008974855.1
RHFA01000128.1_4	GCA_003724275.1	PAAH01000002.1_2	True	13	A0A3M9ZI66	80.0	Archaea	Thermoproteota	Nitrososphaeria	Nitrososphaerales	Nitrosopumilaceae	Cenarchaeum	Cenarchaeum sp003724275	Nitrososphaeria	GB_GCA_003724275.1
NZ_MU078694.1_162	GCF_014078525.1	PAAH01000002.1_2	False	24	A0A9D2X9D0	80.0	Archaea	Thermoproteota	Nitrososphaeria	Nitrososphaerales	Nitrosopumilaceae	Nitrosopumilus	Nitrosopumilus sp014078525	Nitrososphaeria	RS_GCF_014078525.1
LDXL01000008.1_187	GCA_001443365.1	PAAH01000002.1_2	False	20	A0A0T5ZCZ3	80.0	Archaea	Thermoproteota	Nitrososphaeria	Nitrososphaerales	Nitrosopumilaceae	CSP1-1	CSP1-1 sp001443365	Nitrososphaeria	GB_GCA_001443365.1
JAJETY010000012.1_34	GCA_021268355.1	PAAH01000002.1_2	False	31	JAJETY010000012.1_34	80.0	Archaea	Thermoproteota	Nitrososphaeria	Nitrososphaerales	Nitrosopumilaceae	Nitrosopumilus	Nitrosopumilus sp021268355	Nitrososphaeria	GB_GCA_021268355.1
NZ_LQMW01000022.1_82	GCF_001541925.1	PAAH01000002.1_2	False	21	NZ_LQMW01000022.1_82	80.0	Archaea	Thermoproteota	Nitrososphaeria	Nitrososphaerales	Nitrosopumilaceae	Nitrosopumilus	Nitrosopumilus sp001541925	Nitrososphaeria	RS_GCF_001541925.1
JAHRAL010000125.1_29	GCA_020027325.1	PAAH01000002.1_2	True	12	JAHRAL010000125.1_29@GCA_020027325.1	79.0	Archaea	Thermoproteota	Nitrososphaeria	Nitrososphaerales	Nitrosopumilaceae	Cenarchaeum	Cenarchaeum sp020027325	Nitrososphaeria	GB_GCA_020027325.1
PFRJ01000077.1_10	GCA_002788515.1	PAAH01000002.1_2	True	16	A0A2H9RQQ8	79.0	Archaea	Thermoproteota	Nitrososphaeria	Nitrososphaerales	Nitrosopumilaceae	Nitrosopumilus	Nitrosopumilus sp002788515	Nitrososphaeria	GB_GCA_002788515.1
VMDM01000051.1_2	GCA_008080815.1	PAAH01000002.1_2	True	11	VMDM01000051.1_2	79.0	Archaea	Thermoproteota	Nitrososphaeria	Nitrososphaerales	Nitrosopumilaceae	Nitrosopumilus	Nitrosopumilus sp008080815	Nitrososphaeria	GB_GCA_008080815.1
LFEY01000002.1_37	GCA_001510275.1	PAAH01000002.1_2	True	28	LFEY01000002.1_37	79.0	Archaea	Thermoproteota	Nitrososphaeria	Nitrososphaerales	Nitrosopumilaceae	Nitrosopumilus	Nitrosopumilus sp001510275	Nitrososphaeria	GB_GCA_001510275.1
LIAL01000012.1_16	GCA_001437625.1	PAAH01000002.1_2	True	19	A0A0R2NVM4	79.0	Archaea	Thermoproteota	Nitrososphaeria	Nitrososphaerales	Nitrosopumilaceae	Nitrosopumilus	Nitrosopumilus sp001437625	Nitrososphaeria	GB_GCA_001437625.1
DRGT01000093.1_15	GCA_011055585.1	PAAH01000002.1_2	True	23	A0A7C2XPU6	79.0	Archaea	Thermoproteota	Nitrososphaeria	Nitrososphaerales	Nitrosopumilaceae	DRGT01	DRGT01 sp011055585	Nitrososphaeria	GB_GCA_011055585.1
NZ_BGKI01000007.1_201	GCF_003175215.1	PAAH01000002.1_2	False	25	A0A2S2KSG3	79.0	Archaea	Thermoproteota	Nitrososphaeria	Nitrososphaerales	Nitrosopumilaceae	Nitrosopumilus	Nitrosopumilus zosterae	Nitrososphaeria	RS_GCF_003175215.1
JADFLH010000008.1_19	GCA_022564515.1	PAAH01000002.1_2	False	21	MCH7968181.1@GCA_022564515.1	79.0	Archaea	Thermoproteota	Nitrososphaeria	Nitrososphaerales	Nitrosopumilaceae	DRGT01	DRGT01 sp022564515	Nitrososphaeria	GB_GCA_022564515.1
PAAH01000002.1_2	GCA_002698885.1	PAAH01000002.1_2	True	13	PAAH01000002.1_2	79.0	Archaea	Thermoproteota	Nitrososphaeria	Nitrososphaerales	Nitrosopumilaceae	Nitrosopelagicus	Nitrosopelagicus sp002698885	Nitrososphaeria	GB_GCA_002698885.1
DAMC01000085.1_10	GCA_002499525.1	PAAH01000002.1_2	True	19	A0A832VRI6	78.0	Archaea	Thermoproteota	Nitrososphaeria	Nitrososphaerales	Nitrosopumilaceae	Nitrosotenuis	Nitrosotenuis sp002499525	Nitrososphaeria	GB_GCA_002499525.1
NZ_JAMZIE010000002.1_599	GCF_024178165.1	NZ_JALXFV010000008.1_111	False	23	WP_253737567.1@GCF_024178165.1	78.0	Archaea	Halobacteriota	Halobacteria	Halobacteriales	Haloferacaceae	Halohasta	Halohasta sp024178165	Halobacteria	RS_GCF_024178165.1
SCVO01000120.1_6	GCA_004322465.1	PAAH01000002.1_2	True	17	SCVO01000120.1_6	78.0	Archaea	Thermoproteota	Nitrososphaeria	Nitrososphaerales	Nitrosopumilaceae	Nitrosotenuis	Nitrosotenuis sp004322465	Nitrososphaeria	GB_GCA_004322465.1
JADFJY010000033.1_9	GCA_022565935.1	PAAH01000002.1_2	True	12	JADFJY010000033.1_9	78.0	Archaea	Thermoproteota	Nitrososphaeria	Nitrososphaerales	Nitrosopumilaceae	Nitrosopumilus	Nitrosopumilus sp022565935	Nitrososphaeria	GB_GCA_022565935.1
CABXQD010000010.1_10	GCA_902514275.1	PAAH01000002.1_2	True	20	CABXQD010000010.1_10	78.0	Archaea	Thermoproteota	Nitrososphaeria	Nitrososphaerales	Nitrosopumilaceae	Nitrosopumilus	Nitrosopumilus sp902514275	Nitrososphaeria	GB_GCA_902514275.1
JAHCGZ010000007.1_36	GCA_022117465.1	PAAH01000002.1_2	False	25	MCG3780453.1@GCA_022117465.1	77.0	Archaea	Thermoproteota	Nitrososphaeria	Nitrososphaerales	Nitrosopumilaceae	Nitrosopumilus	Nitrosopumilus limneticus	Nitrososphaeria	GB_GCA_022117465.1
WVWY01000007.1_6	GCA_011773785.1	PAAH01000002.1_2	True	6	A0A846N5A7	77.0	Archaea	Thermoproteota	Nitrososphaeria	Nitrososphaerales	Nitrosopumilaceae	JACEMX01	JACEMX01 sp011773785	Nitrososphaeria	GB_GCA_011773785.1
NZ_AOIJ01000057.1_53	GCF_000337175.1	NZ_JALXFV010000008.1_111	True	20	L9YW73	77.0	Archaea	Halobacteriota	Halobacteria	Halobacteriales	Natrialbaceae	Natrinema	Natrinema gari	Halobacteria	RS_GCF_000337175.1
JAHRAJ010000053.1_7	GCA_020027365.1	PAAH01000002.1_2	True	19	JAHRAJ010000053.1_7@GCA_020027365.1	77.0	Archaea	Thermoproteota	Nitrososphaeria	Nitrososphaerales	Nitrosopumilaceae	JAHRAJ01	JAHRAJ01 sp020027365	Nitrososphaeria	GB_GCA_020027365.1
JAEHKV010000059.1_14	GCA_016838845.1	PAAH01000002.1_2	True	21	A0A835X8W0	77.0	Archaea	Thermoproteota	Nitrososphaeria	Nitrososphaerales	Nitrosopumilaceae	DRGT01	DRGT01 sp016838845	Nitrososphaeria	GB_GCA_016838845.1
RHFB01000067.1_16	GCA_003724285.1	PAAH01000002.1_2	True	17	A0A3M9ZTZ2	77.0	Archaea	Thermoproteota	Nitrososphaeria	Nitrososphaerales	Nitrosopumilaceae	Nitrosopumilus	Nitrosopumilus sp003724285	Nitrososphaeria	GB_GCA_003724285.1
RHFD01000056.1_23	GCA_003724325.1	PAAH01000002.1_2	True	18	A0A3M9ZSM0	76.0	Archaea	Thermoproteota	Nitrososphaeria	Nitrososphaerales	Nitrosopumilaceae	Nitrosopumilus	Nitrosopumilus sp003724325	Nitrososphaeria	GB_GCA_003724325.1
JACZUQ010000043.1_8	GCA_022573065.1	PAAH01000002.1_2	True	9	JACZUQ010000043.1_8	76.0	Archaea	Thermoproteota	Nitrososphaeria	Nitrososphaerales	Nitrosopumilaceae	CSP1-1	CSP1-1 sp022573065	Nitrososphaeria	GB_GCA_022573065.1
LKML01000024.1_26	GCA_001563795.1	NZ_JALXFV010000008.1_111	True	14	LKML01000024.1_26@GCA_001563795.1	76.0	Archaea	Halobacteriota	Halobacteria	Halobacteriales	Haloferacaceae	Halohasta	Halohasta sp001563795	Halobacteria	GB_GCA_001563795.1
WHSX01000035.1_12	GCA_009379865.1	NZ_CP012850.1_206	True	21	WHSX01000035.1_12@GCA_009379865.1	76.0	Archaea	Thermoproteota	Nitrososphaeria	Nitrososphaerales	Nitrososphaeraceae	Nitrosocosmicus	Nitrosocosmicus sp009379865	Nitrososphaeria	GB_GCA_009379865.1
JABDKK010000038.1_3	GCA_013002265.1	PAAH01000002.1_2	True	4	A0A7K4DSR9	76.0	Archaea	Thermoproteota	Nitrososphaeria	Nitrososphaerales	Nitrosopumilaceae	Nitrosopumilus	Nitrosopumilus sp013002265	Nitrososphaeria	GB_GCA_013002265.1
CACLIK010000014.1_4	GCA_902606965.1	PAAH01000002.1_2	True	14	CACLIK010000014.1_4	75.0	Archaea	Thermoproteota	Nitrososphaeria	Nitrososphaerales	Nitrosopumilaceae	Nitrosopelagicus	Nitrosopelagicus sp902606965	Nitrososphaeria	GB_GCA_902606965.1
SKKJ01000166.1_8	GCA_007121575.1	NZ_JALXFV010000008.1_111	True	8	SKKJ01000166.1_8	75.0	Archaea	Halobacteriota	Halobacteria	Halobacteriales	Haloarculaceae	Natronomonas	Natronomonas sp007121575	Halobacteria	GB_GCA_007121575.1
PBZV01000007.1_28	GCA_002730325.1	PAAH01000002.1_2	True	13	PBZV01000007.1_28	75.0	Archaea	Thermoproteota	Nitrososphaeria	Nitrososphaerales	Nitrosopumilaceae	Nitrosopumilus	Nitrosopumilus sp002730325	Nitrososphaeria	GB_GCA_002730325.1
RKSK01000029.1_5	GCA_007570915.1	PAAH01000002.1_2	True	5	RKSK01000029.1_5@GCA_007570915.1	74.0	Archaea	Thermoproteota	Nitrososphaeria	Nitrososphaerales	Nitrosopumilaceae	Cenarchaeum	Cenarchaeum sp007570915	Nitrososphaeria	GB_GCA_007570915.1
NZ_CP010868.1_1186	GCF_000875775.1	PAAH01000002.1_2	False	25	A0A0C5BVY9	74.0	Archaea	Thermoproteota	Nitrososphaeria	Nitrososphaerales	Nitrosopumilaceae	Nitrosopumilus	Nitrosopumilus piranensis	Nitrososphaeria	RS_GCF_000875775.1
UYNY01000031.1_111	GCA_900620265.1	PAAH01000002.1_2	False	27	A0A9W4UWP2	74.0	Archaea	Thermoproteota	Nitrososphaeria	Nitrososphaerales	Nitrosopumilaceae	Nitrosopumilus	Nitrosopumilus sp900620265	Nitrososphaeria	GB_GCA_900620265.1
NZ_CP100445.1_3244	GCF_024227435.1	NZ_JALXFV010000008.1_111	False	15	NZ_CP100445.1_3244	74.0	Archaea	Halobacteriota	Halobacteria	Halobacteriales	Natrialbaceae	Natrinema	Natrinema sp024227435	Halobacteria	RS_GCF_024227435.1
NZ_BBJP01000006.1_46	GCF_000739595.1	NZ_JALXFV010000008.1_111	False	17	NZ_BBJP01000006.1_46	73.0	Archaea	Halobacteriota	Halobacteria	Halobacteriales	Haloferacaceae	Halorubrum	Halorubrum halophilum	Halobacteria	RS_GCF_000739595.1
JAEHKU010000002.1_14	GCA_016838825.1	PAAH01000002.1_2	False	22	A0A835X6I0	73.0	Archaea	Thermoproteota	Nitrososphaeria	Nitrososphaerales	Nitrosopumilaceae	JAEHKU01	JAEHKU01 sp016838825	Nitrososphaeria	GB_GCA_016838825.1
CACLNC010000026.1_1	GCA_902608175.1	PAAH01000002.1_2	True	8	CACLNC010000026.1_1	72.0	Archaea	Thermoproteota	Nitrososphaeria	Nitrososphaerales	Nitrosopumilaceae	Nitrosopelagicus	Nitrosopelagicus sp902608175	Nitrososphaeria	GB_GCA_902608175.1
JAKUOP010000009.1_25	GCA_022450565.1	PAAH01000002.1_2	False	25	MCH2604145.1@GCA_022450565.1	72.0	Archaea	Thermoproteota	Nitrososphaeria	Nitrososphaerales	Nitrosopumilaceae	Nitrosopelagicus	Nitrosopelagicus sp022450565	Nitrososphaeria	GB_GCA_022450565.1
NZ_CP053941.1_2690	GCF_013267195.1	NZ_JALXFV010000008.1_111	False	16	A0A7D3Y2G5	71.0	Archaea	Halobacteriota	Halobacteria	Halobacteriales	Haloferacaceae	Halorubrum	Halorubrum salinarum	Halobacteria	RS_GCF_013267195.1
NZ_AP017569.1_163	GCF_002355655.1	NZ_JALXFV010000008.1_111	False	16	NZ_AP017569.1_163	71.0	Archaea	Halobacteriota	Halobacteria	Halobacteriales	Haloferacaceae	Halorubrum	Halorubrum trapanicum_A	Halobacteria	RS_GCF_002355655.1
NZ_AOJN01000055.1_3	GCF_000337335.1	NZ_JALXFV010000008.1_111	True	9	M0EWG0	71.0	Archaea	Halobacteriota	Halobacteria	Halobacteriales	Haloferacaceae	Halorubrum	Halorubrum distributum	Halobacteria	RS_GCF_000337335.1
NZ_LIGX01000006.1_3	GCF_001683795.1	NZ_CP072036.1_2474	True	13	A0A1C7PEI3	71.0	Bacteria	Verrucomicrobiota	Verrucomicrobiae	Verrucomicrobiales	Akkermansiaceae	Akkermansia	Akkermansia glycaniphila	Bacteria	RS_GCF_001683795.1
NZ_FOYN01000003.1_614	GCF_900111935.1	NZ_JALXFV010000008.1_111	False	16	A0A1I6H827	70.0	Archaea	Halobacteriota	Halobacteria	Halobacteriales	Haloferacaceae	Halorubrum	Halorubrum sodomense	Halobacteria	RS_GCF_900111935.1
NZ_AOJI01000002.1_150	GCF_000336995.1	NZ_JALXFV010000008.1_111	False	14	M0PLF1	70.0	Archaea	Halobacteriota	Halobacteria	Halobacteriales	Haloferacaceae	Halorubrum	Halorubrum aidingense	Halobacteria	RS_GCF_000336995.1
NZ_CVUA01000001.1_384	GCF_001282785.1	NZ_JALXFV010000008.1_111	False	19	WP_053947044.1@GCF_001282785.1	70.0	Archaea	Halobacteriota	Halobacteria	Halobacteriales	Haloferacaceae	Halolamina	Halolamina sediminis	Halobacteria	RS_GCF_001282785.1
NZ_AOJG01000027.1_19	GCF_000337375.1	NZ_JALXFV010000008.1_111	True	19	M0NQ21	70.0	Archaea	Halobacteriota	Halobacteria	Halobacteriales	Haloferacaceae	Halorubrum	Halorubrum lipolyticum	Halobacteria	RS_GCF_000337375.1
RKRU01000084.1_8	GCA_007571225.1	PAAH01000002.1_2	True	11	RKRU01000084.1_8	69.0	Archaea	Thermoproteota	Nitrososphaeria	Nitrososphaerales	Nitrosopumilaceae	Nitrosopumilus	Nitrosopumilus sp007571225	Nitrososphaeria	GB_GCA_007571225.1
JAHFTO010000030.1_13	GCA_023269355.1	JAFEGL010000003.1_117	False	20	JAHFTO010000030.1_13@GCA_023269355.1	69.0	Bacteria	Chlamydiota	Chlamydiia	Chlamydiales	Rhabdochlamydiaceae	CAJCHM01	CAJCHM01 sp023269355	Bacteria	GB_GCA_023269355.1
JALDAN010000039.1_7	GCA_022729355.1	JALDAN010000039.1_7	True	8	JALDAN010000039.1_7@GCA_022729355.1	69.0	Archaea	Nanohaloarchaeota	Nanosalinia	Nanosalinales	Nanosalinaceae	Nanosalina	Nanosalina sp022729355	Other archaea	GB_GCA_022729355.1
NZ_CP095757.1_3542	GCF_023093535.1	NZ_JAJCVI010000003.1_22	False	17	WP_247729935.1@GCF_023093535.1	68.0	Archaea	Halobacteriota	Halobacteria	Halobacteriales	Natrialbaceae	Halovivax	Halovivax limisalsi	Halobacteria	RS_GCF_023093535.1
NC_012030.1_110	GCF_000022205.1	NZ_JALXFV010000008.1_111	False	24	B9LWQ7	68.0	Archaea	Halobacteriota	Halobacteria	Halobacteriales	Haloferacaceae	Halorubrum	Halorubrum lacusprofundi	Halobacteria	RS_GCF_000022205.1
NZ_AOJH01000035.1_32	GCF_000337355.1	NZ_JALXFV010000008.1_111	False	27	NZ_AOJH01000035.1_32	68.0	Archaea	Halobacteriota	Halobacteria	Halobacteriales	Haloferacaceae	Halorubrum	Halorubrum kocurii	Halobacteria	RS_GCF_000337355.1
VYCS01000011.1_3	GCA_009843815.1	PAAH01000002.1_2	True	15	A0A6B1BBW2	67.0	Archaea	Thermoproteota	Nitrososphaeria	Nitrososphaerales	Nitrosopumilaceae	VYCS01	VYCS01 sp009843815	Nitrososphaeria	GB_GCA_009843815.1
NZ_JAALLS010000018.1_24	GCF_011059105.1	NZ_JAALLS010000018.1_24	False	22	A0A6M1T5C5	64.0	Bacteria	Bacteroidota	Rhodothermia	Balneolales	Balneolaceae	Fodinibius	Fodinibius halophilus	Bacteria	RS_GCF_011059105.1
JAJXYX010000059.1_21	GCA_021780355.1	JAFEGL010000003.1_117	False	22	JAJXYX010000059.1_21@GCA_021780355.1	64.0	Bacteria	Chlamydiota	Chlamydiia	Chlamydiales	SM23-39	SZAS-17	SZAS-17 sp021780355	Bacteria	GB_GCA_021780355.1
NZ_CP072036.1_2474	GCF_018847375.1	NZ_CP072036.1_2474	False	14	NZ_CP072036.1_2474	63.0	Bacteria	Verrucomicrobiota	Verrucomicrobiae	Verrucomicrobiales	Akkermansiaceae	Akkermansia	Akkermansia muciniphila_B	Bacteria	RS_GCF_018847375.1
VXON01000101.1_6	GCA_009840065.1	PAAH01000002.1_2	True	9	VXON01000101.1_7	62.0	Archaea	Thermoproteota	Nitrososphaeria	Nitrososphaerales	Nitrosopumilaceae	VYCS01	VYCS01 sp009840065	Nitrososphaeria	GB_GCA_009840065.1
NZ_JADDKQ010000016.1_86	GCF_016464425.1	NZ_JADDKQ010000016.1_86	False	18	NZ_JADDKQ010000016.1_86	61.0	Bacteria	Actinomycetota	Actinomycetia	Actinomycetales	Cellulomonadaceae	Actinotalea	Actinotalea solisilvae	Bacteria	RS_GCF_016464425.1
JADJWG010000004.1_341	GCA_016716475.1	JADJWG010000004.1_341	False	19	JADJWG010000004.1_341	60.0	Bacteria	Planctomycetota	Phycisphaerae	UBA1845	Fen-1342	JADJWG01	JADJWG01 sp016716475	Bacteria	GB_GCA_016716475.1
JAFEGL010000003.1_117	GCA_018239895.1	JAFEGL010000003.1_117	False	21	MBS0624539.1@GCA_018239895.1	59.0	Bacteria	Chlamydiota	Chlamydiia	Chlamydiales	SM23-39	SZAS-17	SZAS-17 sp018239895	Bacteria	GB_GCA_018239895.1
CM001158.1_713	GCA_000204585.1	CM001158.1_713	False	24	F3KJK7	59.0	Archaea	Thermoproteota	Nitrososphaeria	Nitrososphaerales	Nitrosopumilaceae	Nitrosarchaeum	Nitrosarchaeum limnae	Nitrososphaeria	GB_GCA_000204585.1
NZ_NHSQ01000084.1_122	GCF_016653465.1	NZ_NHSQ01000084.1_122	True	16	WP_201094664.1@GCF_016653465.1	59.0	Bacteria	Pseudomonadota	Gammaproteobacteria	Chromatiales	Chromatiaceae	Chromatium	Chromatium minus	Bacteria	RS_GCF_016653465.1
JAKBAE010000044.1_2	GCA_021809325.1	JAFEGL010000003.1_117	True	10	JAKBAE010000044.1_2@GCA_021809325.1	58.0	Bacteria	Chlamydiota	Chlamydiia	Chlamydiales	SM23-39	JAKBAE01	JAKBAE01 sp021809325	Bacteria	GB_GCA_021809325.1
JAFEGH010000007.1_322	GCA_018240065.1	JAFEGL010000003.1_117	False	18	MBS0604555.1@GCA_018240065.1	58.0	Bacteria	Chlamydiota	Chlamydiia	Chlamydiales	Rhabdochlamydiaceae	CAJCHM01	CAJCHM01 sp018240065	Bacteria	GB_GCA_018240065.1
NZ_CP044130.1_50	GCF_009617995.1	NZ_CP044130.1_50	False	20	A0A5Q0UT33	57.0	Archaea	Halobacteriota	Halobacteria	Halobacteriales	Haloarculaceae	Halomicrobium	Halomicrobium sp009617995	Halobacteria	RS_GCF_009617995.1
NZ_MWLL01000195.1_30	GCF_002198675.1	NZ_JADDKQ010000016.1_86	True	9	NZ_MWLL01000195.1_30	57.0	Bacteria	Actinomycetota	Actinomycetia	Actinomycetales	Kineosporiaceae	R-H-3	R-H-3 sp002198675	Bacteria	RS_GCF_002198675.1
JADKAQ010000016.1_53	GCA_016719105.1	JADKAQ010000016.1_53	False	18	JADKAQ010000016.1_53	56.0	Bacteria	Gemmatimonadota	Gemmatimonadetes	Gemmatimonadales	Gemmatimonadaceae	SCN-70-22	SCN-70-22 sp016719105	Bacteria	GB_GCA_016719105.1
NZ_QPII01000005.1_237	GCF_003336675.1	NZ_QPII01000005.1_237	False	15	A0A368TZS8	55.0	Bacteria	Pseudomonadota	Gammaproteobacteria	Pseudomonadales	Halomonadaceae	Halomonas	Halomonas montanilacus	Bacteria	RS_GCF_003336675.1
JAHENP010000151.1_1	GCA_018609965.1	JAHENP010000151.1_1	True	5	JAHENP010000151.1_1	54.0	Archaea	Halobacteriota	Halobacteria	Halobacteriales	Haloferacaceae	Halobaculum	Halobaculum sp018609965	Halobacteria	GB_GCA_018609965.1
NZ_JAKUHT010000013.1_56	GCF_022436705.1	NZ_JAKUHT010000013.1_56	False	17	NZ_JAKUHT010000013.1_56	54.0	Bacteria	Actinomycetota	Actinomycetia	Propionibacteriales	Nocardioidaceae	Nocardioides	Nocardioides sp022436705	Bacteria	RS_GCF_022436705.1
