protein_id	genome	gtdb_gene_id	domain	gtdb_class	gtdb_species	search_bitscore	gene_id	fident	qlen	tlen
pgaptmp_002090_1	s5a-1		Archaea		Haloferax larsenii s5a-1		s5a1_contig_1_2075	1.0	290	290
M0GTD3	GCF_000336955.1	NZ_AOLI01000034.1_29	Archaea	Halobacteria	Haloferax larsenii	581.0	NZ_AOLI01000034.1_29	1.0	290	290
NZ_AOLK01000012.1_176	GCF_000336755.1	NZ_AOLK01000012.1_176	Archaea	Halobacteria	Haloferax elongans	552.0	NZ_AOLK01000012.1_176	1.0	290	290
M0I6U3	GCF_000337815.1	NZ_AOLN01000018.1_554	Archaea	Halobacteria	Haloferax mucosum	455.0	NZ_AOLN01000018.1_554	1.0	290	290
I3R2Q4	GCF_000306765.2	NC_017941.2_785	Archaea	Halobacteria	Haloferax mediterranei	449.0	NC_017941.2_785	1.0	290	290
A0A371N295	GCF_000336775.1	NZ_AOLJ01000011.1_106	Archaea	Halobacteria	Haloferax gibbonsii	440.0	NZ_AOLJ01000011.1_106	1.0	290	290
A0A371LK82	GCF_000336815.1	NZ_AOLG01000009.1_386	Archaea	Halobacteria	Haloferax prahovense	437.0	NZ_AOLG01000009.1_386	1.0	290	290
WP_058828042.1@GCF_001482285.1	GCF_001482285.1	NZ_LOEP01000032.1_74	Archaea	Halobacteria	Haloferax sp001482285	437.0	NZ_LOEP01000032.1_74	1.0	290	290
A0A2P4NW45	GCF_001469875.2	NZ_LOPW02000001.1_77	Archaea	Halobacteria	Haloferax marisrubri	436.0	NZ_LOPW02000001.1_77	1.0	290	290
A0A0D6JRZ7	GCF_001368915.1	NZ_CSTE01000002.1_1319	Archaea	Halobacteria	Haloferax massiliensis	417.0	NZ_CSTE01000002.1_1321	1.0	290	290
A0A1I4ECI6	GCF_900114455.1	NZ_FOTC01000002.1_374	Archaea	Halobacteria	Halogranum rubrum	366.0	NZ_FOTC01000002.1_374	1.0	294	294
A0A1M6QHW3	GCF_000376445.1	NZ_AQXI01000001.1_33	Archaea	Halobacteria	Haladaptatus paucihalophilus	338.0	NZ_AQXI01000001.1_33	1.0	300	300
WP_231184040.1@GCF_021083305.1	GCF_021083305.1	NZ_JAJFAY010000001.1_1298	Archaea	Halobacteria	Haladaptatus sp021083305	326.0	NZ_JAJFAY010000001.1_1298	1.0	300	300
A0A166SG65	GCF_001625445.1	NZ_LWHG01000021.1_274	Archaea	Halobacteria	Haladaptatus sp001625445	324.0	NZ_LWHG01000021.1_274	1.0	302	302
WP_253482368.1@GCF_024138125.1	GCF_024138125.1	NZ_CP099993.1_958	Archaea	Halobacteria	Halorussus sp024138125	321.0	NZ_CP099993.1_958	1.0	300	300
WP_129115263.1@GCF_004116405.1	GCF_004116405.1	NZ_SDIC01000004.1_292	Archaea	Halobacteria	Halegenticoccus tardaugens	320.0	NZ_SDIC01000004.1_292	1.0	292	292
WP_132057481.1@GCF_004143485.2	GCF_004143485.2	NZ_ML974134.1_11	Archaea	Halobacteria	Halorussus amylolyticus	310.0	NZ_ML974134.1_11	1.0	301	301
ML241305.1_276@GCA_005239435.1	GCA_005239435.1	ML241305.1_276	Archaea	Halobacteria	Halorussus sp005239435	308.0	ML241305.1_276	1.0	303	303
WP_049998595.1@GCF_000755245.1	GCF_000755245.1	NZ_BBMP01000023.1_95	Archaea	Halobacteria	Halococcus sediminicola	307.0	NZ_BBMP01000023.1_95	1.0	293	293
A0A0W1R9H8	GCF_001469955.1	NZ_LOPU01000018.1_145	Archaea	Halobacteria	Haloprofundus marisrubri	306.0	NZ_LOPU01000018.1_145	1.0	297	297
WP_248907845.1@GCF_023276375.1	GCF_023276375.1	NZ_JALLPK010000001.1_2688	Archaea	Halobacteria	Halocatena sp023276375	304.0	NZ_JALLPK010000001.1_2688	1.0	300	300
A0A365T8R6	GCA_003298465.1	QNGA01000004.1_66	Archaea	Halobacteria	Haladaptatus sp003298465	304.0	QNGA01000004.1_66	1.0	302	302
WP_254269963.1@GCF_024218795.1	GCF_024218795.1	NZ_CP100400.1_1800	Archaea	Halobacteria	Halorussus sp024218795	302.0	NZ_CP100400.1_1800	1.0	292	292
A0A1N6WQJ8	GCF_900156425.1	NZ_FTNO01000001.1_814	Archaea	Halobacteria	Haladaptatus litoreus	301.0	NZ_FTNO01000001.1_814	1.0	302	302
A0A6G3ZKK6	GCF_010747475.1	NZ_VSLZ01000003.1_332	Archaea	Halobacteria	Halorussus sp010747475	300.0	NZ_VSLZ01000003.1_332	1.0	293	293
WP_227774493.1@GCF_020700235.1	GCF_020700235.1	NZ_CP085301.1_3469	Archaea	Halobacteria	Haladaptatus pallidirubidus	298.0	NZ_CP085301.1_3469	1.0	303	303
WP_049971178.1@GCF_000710615.1	GCF_000710615.1	NZ_JDTH01000002.1_1229	Archaea	Halobacteria	Haladaptatus cibarius	296.0	NZ_JDTH01000002.1_1229	1.0	302	302
WP_158057723.1@GCF_008831545.1	GCF_008831545.1	NZ_CP044523.1_2509	Archaea	Halobacteria	Halorussus halophilus	294.0	NZ_CP044523.1_2509	1.0	302	302
NZ_CP100000.1_3638	GCF_024138165.1	NZ_CP100000.1_3638	Archaea	Halobacteria	Halorussus sp024138165	293.0	NZ_CP100000.1_3638	1.0	302	302
WP_135851677.1@GCF_004765815.2	GCF_004765815.2	NZ_ML974127.1_845	Archaea	Halobacteria	Halorussus salinus	283.0	NZ_ML974127.1_845	1.0	299	299
NZ_CP035119.1_2382	GCF_004087835.1	NZ_CP035119.1_2382	Archaea	Halobacteria	Halorussus pelagicus	283.0	NZ_CP035119.1_2382	1.0	300	300
WP_227376033.1@GCF_020618475.1	GCF_020618475.1	NZ_CP085335.1_889	Archaea	Halobacteria	Haladaptatus sp020618475	283.0	NZ_CP085335.1_889	1.0	301	301
WP_227355121.1@GCF_020614375.1	GCF_020614375.1	NZ_CP085327.1_1011	Archaea	Halobacteria	Haladaptatus sp020614375	282.0	NZ_CP085327.1_1011	1.0	301	301
A0A6B0GHS1	GCF_009791395.1	NZ_WSZK01000006.1_116	Archaea	Halobacteria	Halomarina oriensis	279.0	NZ_WSZK01000006.1_116	1.0	304	304
WP_250872200.1@GCF_023699475.1	GCF_023699475.1	NZ_JALXFV010000002.1_324	Archaea	Halobacteria	Halomarina rubra	273.0	NZ_JALXFV010000002.1_324	1.0	304	304
WP_254543733.1@GCF_024228315.1	GCF_024228315.1	NZ_CP100454.1_2787	Archaea	Halobacteria	Halomarina sp024228315	273.0	NZ_CP100454.1_2787	1.0	302	302
NZ_CP096658.1_2442	GCF_023238445.1	NZ_CP096658.1_2442	Archaea	Halobacteria	Halorussus sp023238445	273.0	NZ_CP096658.1_2442	1.0	299	299
A0A8U0HQS2	GCF_023238205.1	NZ_CP096659.1_2412	Archaea	Halobacteria	Halorussus sp023238205	266.0	NZ_CP096659.1_2412	1.0	266	266
A0A1N6WQR0	GCF_900156425.1	NZ_FTNO01000001.1_813	Archaea	Halobacteria	Haladaptatus litoreus	224.0	NZ_FTNO01000001.1_813	1.0	299	299
WP_227376032.1@GCF_020618475.1	GCF_020618475.1	NZ_CP085335.1_888	Archaea	Halobacteria	Haladaptatus sp020618475	222.0	NZ_CP085335.1_888	1.0	298	298
E7QRC8	GCF_000376445.1	NZ_AQXI01000001.1_32	Archaea	Halobacteria	Haladaptatus paucihalophilus	220.0	NZ_AQXI01000001.1_32	1.0	299	299
JAKCFM010000002.1_30@GCA_025041195.1	GCA_025041195.1	JAKCFM010000002.1_30	Archaea	Halobacteria	Halocatena sp025041195	214.0	JAKCFM010000002.1_30	1.0	850	850
MCH7660965.1@GCA_022561895.1	GCA_022561895.1	JADFQH010000144.1_4	Archaea	Halobacteria	Halalkalicoccus sp022561895	212.0	JADFQH010000144.1_4	1.0	292	292
WP_227774492.1@GCF_020700235.1	GCF_020700235.1	NZ_CP085301.1_3468	Archaea	Halobacteria	Haladaptatus pallidirubidus	211.0	NZ_CP085301.1_3468	1.0	299	299
JAKCFJ010000001.1_2967@GCA_025041175.1	GCA_025041175.1	JAKCFJ010000001.1_2967	Archaea	Halobacteria	Halocatena sp025041175	191.0	JAKCFJ010000001.1_2967	1.0	314	314
A0A1G9TW67	GCF_900103505.1	NZ_FNIA01000003.1_161	Archaea	Halobacteria	Haloarchaeobius iranensis	185.0	NZ_FNIA01000003.1_161	1.0	296	296
WP_256399177.1@GCF_024495425.1	GCF_024495425.1	NZ_JANHJR010000001.1_1180	Archaea	Halobacteria	Haloarchaeobius litoreus	185.0	NZ_JANHJR010000001.1_1180	1.0	295	295
WP_256300310.1@GCF_024464185.1	GCF_024464185.1	NZ_JANHAU010000004.1_32	Archaea	Halobacteria	Haloarchaeobius salinus	185.0	NZ_JANHAU010000004.1_32	1.0	296	296
WP_257300007.1@GCF_024609245.1	GCF_024609245.1	NZ_JANJYH010000006.1_64	Archaea	Halobacteria	Haloarchaeobius sp024609245	182.0	NZ_JANJYH010000006.1_64	1.0	297	297
JAKCFJ010000003.1_583@GCA_025041175.1	GCA_025041175.1	JAKCFJ010000003.1_583	Archaea	Halobacteria	Halocatena sp025041175	170.0	JAKCFJ010000003.1_583	1.0	460	460
NZ_CP035119.1_1985	GCF_004087835.1	NZ_CP035119.1_1985	Archaea	Halobacteria	Halorussus pelagicus	166.0	NZ_CP035119.1_1985	1.0	304	304
PXRE01000005.1_33	GCA_003021085.1	PXRE01000005.1_33	Archaea	Halobacteria	PXRE01 sp003021085	166.0	PXRE01000005.1_33	1.0	184	184
WP_136717420.1@GCF_005049285.1	GCF_005049285.1	NZ_SOSC01000006.1_40	Archaea	Halobacteria	Halorientalis salina	165.0	NZ_SOSC01000006.1_40	1.0	308	308
WP_247415690.1@GCF_023074835.1	GCF_023074835.1	NZ_JALLGW010000001.1_1808	Archaea	Halobacteria	Halomarina salina	165.0	NZ_JALLGW010000001.1_1808	1.0	281	281
A0A4D6HEL8	GCF_004799665.1	NZ_CP031310.1_2084	Archaea	Halobacteria	Halapricum salinum	164.0	NZ_CP031310.1_2084	1.0	308	308
WP_227228331.1@GCF_020567425.1	GCF_020567425.1	NZ_JAJCVJ010000001.1_703	Archaea	Halobacteria	Salinirubrum litoreum	163.0	NZ_JAJCVJ010000001.1_703	1.0	308	308
WP_160134101.1@GCF_009900715.1	GCF_009900715.1	NZ_JAAAJC010000002.1_88	Archaea	Halobacteria	Halococcus salsus	163.0	NZ_JAAAJC010000002.1_88	1.0	304	304
WP_227130723.1@GCF_020567525.1	GCF_020567525.1	NZ_JAJCVI010000001.1_161	Archaea	Halobacteria	Halorubellus salinus	162.0	NZ_JAJCVI010000001.1_161	1.0	298	298
WP_256391121.1@GCF_024494695.1	GCF_024494695.1	NZ_JANHDP010000001.1_573	Archaea	Halobacteria	Natronoarchaeum rubrum	162.0	NZ_JANHDP010000001.1_573	1.0	279	279
WP_121740820.1@GCF_003670115.1	GCF_003670115.1	NZ_QQTY01000001.1_59	Archaea	Halobacteria	Natronorubrum halophilum	161.0	NZ_QQTY01000001.1_59	1.0	302	302
A0A285N4T7	GCF_900215575.1	NZ_OBEJ01000001.1_515	Archaea	Halobacteria	Natronoarchaeum philippinense	160.0	NZ_OBEJ01000001.1_515	1.0	279	279
A0A6B0GHB1	GCF_009791395.1	NZ_WSZK01000014.1_76	Archaea	Halobacteria	Halomarina oriensis	159.0	NZ_WSZK01000014.1_76	1.0	292	292
A0A2R6JQA9	GCA_003023195.1	PXRX01000012.1_63	Archaea	Halobacteria	SW-7-71-33 sp003023195	158.0	PXRX01000012.1_63	1.0	323	323
NZ_QLVG01000056.1_6	GCF_003382685.1	NZ_QLVG01000056.1_6	Archaea	Halobacteria	Halorussus litoreus	158.0	NZ_QLVG01000056.1_6	1.0	248	248
WP_250874611.1@GCF_023699475.1	GCF_023699475.1	NZ_JALXFV010000008.1_111	Archaea	Halobacteria	Halomarina rubra	157.0	NZ_JALXFV010000008.1_111	1.0	293	293
WP_101297784.1@GCF_002844195.1	GCF_002844195.1	NZ_PEND01000007.1_228	Archaea	Halobacteria	Halegenticoccus soli	156.0	NZ_PEND01000007.1_228	1.0	291	291
WP_254810097.1@GCF_024298845.1	GCF_024298845.1	NZ_CP101156.1_1333	Archaea	Halobacteria	Tc-Br11 sp024298845	156.0	NZ_CP101156.1_1333	1.0	303	303
JAKCFM010000001.1_1886@GCA_025041195.1	GCA_025041195.1	JAKCFM010000001.1_1886	Archaea	Halobacteria	Halocatena sp025041195	156.0	JAKCFM010000001.1_1886	1.0	433	433
CP071596.1_2809@GCA_017357105.2	GCA_017357105.2	CP071596.1_2809	Archaea	Halobacteria	Tc-Br11 sp017357105	154.0	CP071596.1_2809	1.0	303	303
NZ_CP095487.1_324	GCF_023028345.1	NZ_CP095487.1_324	Archaea	Halobacteria	Halorientalis marina	154.0	NZ_CP095487.1_324	1.0	331	331
WP_254768748.1@GCF_024296665.1	GCF_024296665.1	NZ_CP100762.1_1194	Archaea	Halobacteria	AD-4 sp024296665	153.0	NZ_CP100762.1_1194	1.0	303	303
CP094974.1_2033@GCA_022869805.1	GCA_022869805.1	CP094974.1_2033	Archaea	Halobacteria	JALIQP01 sp022869805	153.0	CP094974.1_2033	1.0	303	303
WP_158057020.1@GCF_008831545.1	GCF_008831545.1	NZ_CP044523.1_1798	Archaea	Halobacteria	Halorussus halophilus	152.0	NZ_CP044523.1_1798	1.0	299	299
WP_247001299.1@GCF_023028105.1	GCF_023028105.1	NZ_CP095491.1_3768	Archaea	Halobacteria	JALIQP01 sp023028105	152.0	NZ_CP095491.1_3768	1.0	302	302
WP_132058388.1@GCF_004143485.2	GCF_004143485.2	NZ_ML974133.1_163	Archaea	Halobacteria	Halorussus amylolyticus	151.0	NZ_ML974133.1_163	1.0	302	302
NZ_CP035119.1_2836	GCF_004087835.1	NZ_CP035119.1_2836	Archaea	Halobacteria	Halorussus pelagicus	151.0	NZ_CP035119.1_2836	1.0	301	301
WP_253435879.1@GCF_024138145.1	GCF_024138145.1	NZ_CP099997.1_917	Archaea	Halobacteria	Tc-Br11 sp024138145	150.0	NZ_CP099997.1_917	1.0	303	303
WP_049970329.1@GCF_000710615.1	GCF_000710615.1	NZ_JDTH01000002.1_261	Archaea	Halobacteria	Haladaptatus cibarius	150.0	NZ_JDTH01000002.1_261	1.0	302	302
L0IC65	GCF_000328525.1	NC_019964.1_1707	Archaea	Halobacteria	Halovivax ruber	149.0	NC_019964.1_1707	1.0	300	300
NZ_CP101458.1_1831	GCF_024362525.1	NZ_CP101458.1_1831	Archaea	Halobacteria	Natronobiforma sp024362525	149.0	NZ_CP101458.1_1831	1.0	307	307
NZ_JAAOIR010000004.1_201	GCF_011440375.1	NZ_JAAOIR010000004.1_201	Archaea	Halobacteria	Halorubellus sp011440375	149.0	NZ_JAAOIR010000004.1_201	1.0	303	303
WP_135826158.1@GCF_004765785.1	GCF_004765785.1	NZ_SBIT01000009.1_131	Archaea	Halobacteria	Halorussus ruber	149.0	NZ_SBIT01000009.1_131	1.0	306	306
NZ_JAJCVI010000003.1_361	GCF_020567525.1	NZ_JAJCVI010000003.1_361	Archaea	Halobacteria	Halorubellus salinus	149.0	NZ_JAJCVI010000003.1_361	1.0	277	277
WP_250139651.1@GCF_023566055.1	GCF_023566055.1	NZ_JALIQP010000002.1_29	Archaea	Halobacteria	JALIQP01 sp023566055	149.0	NZ_JALIQP010000002.1_29	1.0	302	302
A0A1G8V2I7	GCF_900100335.1	NZ_FNFE01000001.1_936	Archaea	Halobacteria	Natronorubrum texcoconense	149.0	NZ_FNFE01000001.1_936	1.0	302	302
A0A9E7STM1	GCF_024204665.1	NZ_CP100355.1_2579	Archaea	Halobacteria	Tc-Br11 sp024204665	147.0	NZ_CP100355.1_2579	1.0	303	303
A0A6B0T947	GCF_009831575.1	NZ_WUUT01000004.1_56	Archaea	Halobacteria	Halovenus carboxidivorans	147.0	NZ_WUUT01000004.1_56	1.0	329	329
WP_083893876.1@GCF_000337515.1	GCF_000337515.1	NZ_AOIQ01000024.1_31	Archaea	Halobacteria	Halovivax asiaticus	146.0	NZ_AOIQ01000024.1_31	1.0	300	300
A0A1N6YR21	GCF_900156425.1	NZ_FTNO01000001.1_1649	Archaea	Halobacteria	Haladaptatus litoreus	146.0	NZ_FTNO01000001.1_1649	1.0	302	302
NZ_ML974127.1_1407	GCF_004765815.2	NZ_ML974127.1_1407	Archaea	Halobacteria	Halorussus salinus	146.0	NZ_ML974127.1_1407	1.0	300	300
A0A2R6GJ55	GCA_003021085.1	PXRE01000008.1_82	Archaea	Halobacteria	PXRE01 sp003021085	144.0	PXRE01000008.1_82	1.0	292	292
WP_252698912.1@GCF_023973145.1	GCF_023973145.1	NZ_CP099546.1_2862	Archaea	Halobacteria	Tc-Br11 sp023973145	143.0	NZ_CP099546.1_2862	1.0	303	303
WP_255169792.1@GCF_024362525.1	GCF_024362525.1	NZ_CP101458.1_475	Archaea	Halobacteria	Natronobiforma sp024362525	139.0	NZ_CP101458.1_475	1.0	286	286
NZ_BMPD01000001.1_190	GCF_014647415.1	NZ_BMPD01000001.1_190	Archaea	Halobacteria	Haloarcula sebkhae	136.0	NZ_BMPD01000001.1_190	1.0	306	306
PXSA01000026.1_2	GCA_003023565.1	PXSA01000026.1_2	Archaea	Halobacteria	Halostella sp003023565	136.0	PXSA01000026.1_2	1.0	276	276
A0A498KX20	GCF_004118325.1	NZ_RDFA01000002.1_230	Archaea	Halobacteria	Halorientalis pallida	135.0	NZ_RDFA01000002.1_230	1.0	321	321
A0A166S7I3	GCF_001625445.1	NZ_LWHG01000028.1_533	Archaea	Halobacteria	Haladaptatus sp001625445	135.0	NZ_LWHG01000028.1_533	1.0	305	305
WP_225307709.1@GCF_008729015.1	GCF_008729015.1	NZ_RKSM01000001.1_109	Archaea	Halobacteria	Haloarcula sp008729015	135.0	NZ_RKSM01000001.1_109	1.0	306	306
NC_015948.1_2374	GCF_000223905.1	NC_015948.1_2374	Archaea	Halobacteria	Haloarcula hispanica	135.0	NC_015948.1_2374	1.0	306	306
WP_231183056.1@GCF_021083305.1	GCF_021083305.1	NZ_JAJFAY010000001.1_503	Archaea	Halobacteria	Haladaptatus sp021083305	134.0	NZ_JAJFAY010000001.1_503	1.0	302	302
AOLX01000025.1_214	GCA_000336895.1	AOLX01000025.1_214	Archaea	Halobacteria	Haloarcula argentinensis	134.0	AOLX01000025.1_214	1.0	306	306
NZ_AOLW01000046.1_30	GCF_000336615.1	NZ_AOLW01000046.1_30	Archaea	Halobacteria	Haloarcula amylolytica	134.0	NZ_AOLW01000046.1_30	1.0	306	306
E7QUV3	GCF_000376445.1	NZ_AQXI01000001.1_884	Archaea	Halobacteria	Haladaptatus paucihalophilus	134.0	NZ_AQXI01000001.1_884	1.0	302	302
A0A2R6HHF1	GCA_003021015.1	PXRK01000024.1_21	Archaea	Halobacteria	Halovenus sp003021015	133.0	PXRK01000024.1_21	1.0	295	295
A0A1G7NPL8	GCF_023698535.1	NZ_JALJCL010000008.1_177	Archaea	Halobacteria	Halorientalis regularis	132.0	NZ_JALJCL010000008.1_177	1.0	295	295
WP_155119940.1@GCF_001280425.1	GCF_001280425.1	NZ_LIUF01000002.1_453	Archaea	Halobacteria	Haloarcula rubripromontorii	131.0	NZ_LIUF01000002.1_453	1.0	306	306
WP_246982822.1@GCF_023028345.1	GCF_023028345.1	NZ_CP095487.1_2295	Archaea	Halobacteria	Halorientalis marina	131.0	NZ_CP095487.1_2295	1.0	282	282
NZ_CP019154.1_2373	GCF_002844335.1	NZ_CP019154.1_2373	Archaea	Halobacteria	Haloarcula taiwanensis	130.0	NZ_CP019154.1_2373	1.0	306	306
WP_158057523.1@GCF_008831545.1	GCF_008831545.1	NZ_CP044523.1_2277	Archaea	Halobacteria	Halorussus halophilus	127.0	NZ_CP044523.1_2277	1.0	306	306
NZ_BCNB01000006.1_1380	GCF_001485575.1	NZ_BCNB01000006.1_1380	Archaea	Halobacteria	Haloarcula sp001485575	127.0	NZ_BCNB01000006.1_1380	1.0	306	306
WHTU01000040.1_32	GCA_009377575.1	WHTU01000040.1_32	Archaea	Nitrososphaeria	TH5896 sp009377575	125.0	WHTU01000040.1_32	1.0	400	400
WP_077207559.1@GCF_001989615.1	GCF_001989615.1	NZ_CP019067.1_3156	Archaea	Halobacteria	Halorientalis sp001989615	122.0	NZ_CP019067.1_3156	1.0	295	295
JAATVP010000001.1_1@GCA_014523625.1	GCA_014523625.1	JAATVP010000001.1_1	Archaea	Nitrososphaeria	TH5896 sp014523625	121.0	JAATVP010000001.1_1	1.0	402	402
A0A1H8N4I1	GCF_900110215.1	NZ_FOCX01000010.1_13	Archaea	Halobacteria	Halorientalis persica	121.0	NZ_FOCX01000010.1_13	1.0	295	295
LKNH01000051.1_10@GCA_001564135.1	GCA_001564135.1	LKNH01000051.1_10	Archaea	Halobacteria	Halovenus sp001564135	121.0	LKNH01000051.1_10	1.0	362	362
JAATVS010000148.1_17@GCA_014523695.1	GCA_014523695.1	JAATVS010000148.1_17	Archaea	Nitrososphaeria	TH5896 sp014523695	121.0	JAATVS010000148.1_17	1.0	356	356
A0A498L3X7	GCF_004118325.1	NZ_RDFA01000001.1_291	Archaea	Halobacteria	Halorientalis pallida	119.0	NZ_RDFA01000001.1_292	1.0	294	294
A0A8J8C4B2	GCF_010119205.1	NZ_WRXM01000002.1_436	Archaea	Halobacteria	Halomicroarcula limicola	118.0	NZ_WRXM01000002.1_436	1.0	323	323
JAATVR010000490.1_11@GCA_014523665.1	GCA_014523665.1	JAATVR010000490.1_11	Archaea	Nitrososphaeria	TH5896 sp014523665	117.0	JAATVR010000490.1_11	1.0	369	369
NZ_SOSC01000001.1_299	GCF_005049285.1	NZ_SOSC01000001.1_299	Archaea	Halobacteria	Halorientalis salina	115.0	NZ_SOSC01000001.1_299	1.0	288	288
MBN2082604.1@GCA_016932385.1	GCA_016932385.1	JAFGCY010000084.1_24	Bacteria	4484-113	JAFGCY01 sp016932385	115.0	JAFGCY010000084.1_24	1.0	649	649
A0A6A7LH89	GCA_009377575.1	WHTU01000034.1_34	Archaea	Nitrososphaeria	TH5896 sp009377575	115.0	WHTU01000034.1_34	1.0	357	357
A0A654M5S1	GCF_000802205.1	NZ_CP012850.1_278	Archaea	Nitrososphaeria	Nitrosocosmicus oleophilus	113.0	NZ_CP012850.1_278	1.0	379	379
JAATVK010000265.1_3@GCA_014523485.1	GCA_014523485.1	JAATVK010000265.1_3	Archaea	Nitrososphaeria	TH1177 sp014523485	113.0	JAATVK010000265.1_3	1.0	328	328
WP_136716585.1@GCF_005049285.1	GCF_005049285.1	NZ_SOSC01000003.1_140	Archaea	Halobacteria	Halorientalis salina	112.0	NZ_SOSC01000003.1_140	1.0	286	286
WP_148685693.1@GCF_001870125.1	GCF_001870125.1	NZ_CP017922.1_615	Archaea	Nitrososphaeria	Nitrosocosmicus hydrocola	111.0	NZ_CP017922.1_615	1.0	375	375
A0A961AEL5	GCA_022646745.1	CP060262.1_2224	Bacteria	4484-113	JAHEFU01 sp022646745	110.0	CP060262.1_2224	1.0	343	343
NZ_CP084469.1_3577	GCF_020405205.1	NZ_CP084469.1_3577	Archaea	Halobacteria	Natrinema salinisoli	109.0	NZ_CP084469.1_3577	1.0	431	431
WP_220579815.1@GCF_019599505.1	GCF_019599505.1	NZ_RKLT01000002.1_637	Archaea	Halobacteria	Halomicroarcula nitratireducens	108.0	NZ_RKLT01000002.1_637	1.0	323	323
JAATVK010000203.1_6@GCA_014523485.1	GCA_014523485.1	JAATVK010000203.1_6	Archaea	Nitrososphaeria	TH1177 sp014523485	107.0	JAATVK010000203.1_6	1.0	395	395
WP_162477744.1@GCF_009898475.1	GCF_009898475.1	NZ_QURE01000100.1_5	Archaea	Nitrososphaeria	Nitrosopolaris sp009898475	106.0	NZ_QURE01000100.1_5	1.0	346	346
JAFAQB010000083.1_12	GCA_019246625.1	JAFAQB010000083.1_12	Archaea	Nitrososphaeria	JAFAQB01 sp019246625	106.0	JAFAQB010000083.1_12	1.0	338	338
JAHEFU010000095.1_2@GCA_024645305.1	GCA_024645305.1	JAHEFU010000095.1_2	Bacteria	4484-113	JAHEFU01 sp024645305	106.0	JAHEFU010000095.1_2	1.0	324	324
JAJNBK010000116.1_1	GCA_021155845.1	JAJNBK010000116.1_1	Archaea	Nitrososphaeria	JAJNBK01 sp021155845	102.0	JAJNBK010000116.1_1	1.0	366	366
JAATVS010000204.1_2@GCA_014523695.1	GCA_014523695.1	JAATVS010000204.1_2	Archaea	Nitrososphaeria	TH5896 sp014523695	100.0	JAATVS010000204.1_2	1.0	404	404
WP_210424182.1@GCF_004765785.1	GCF_004765785.1	NZ_SBIT01000010.1_266	Archaea	Halobacteria	Halorussus ruber	100.0	NZ_SBIT01000010.1_266	1.0	104	104
WP_235920789.1@GCF_009834785.1	GCF_009834785.1	NZ_WUYX01000030.1_95	Archaea	Halobacteria	Natronorubrum halalkaliphilum	100.0	NZ_WUYX01000030.1_95	1.0	207	207
A0A8J8Q722	GCF_008122205.1	NZ_PHNJ01000001.1_372	Archaea	Halobacteria	Natronococcus pandeyae	99.0	NZ_PHNJ01000001.1_372	1.0	207	207
JADDOW010000025.1_5@GCA_016782225.1	GCA_016782225.1	JADDOW010000025.1_5	Archaea	Nitrososphaeria	Nitrosocosmicus sp016782225	99.0	JADDOW010000025.1_5	1.0	362	362
JAATVT010000096.1_7@GCA_014523685.1	GCA_014523685.1	JAATVT010000096.1_7	Archaea	Nitrososphaeria	TH5893 sp014523685	96.0	JAATVT010000096.1_7	1.0	358	358
CP094974.1_1262@GCA_022869805.1	GCA_022869805.1	CP094974.1_1262	Archaea	Halobacteria	JALIQP01 sp022869805	96.0	CP094974.1_1262	1.0	422	422
SYJQ01000011.1_8@GCA_005798405.1	GCA_005798405.1	SYJQ01000011.1_8	Archaea	Nitrososphaeria	Nitrosarchaeum sp005798405	93.0	SYJQ01000011.1_8	1.0	251	251
NZ_CP100756.1_2758	GCF_024266705.1	NZ_CP100756.1_2758	Archaea	Halobacteria	Natrinema sp024266705	93.0	NZ_CP100756.1_2758	1.0	432	432
WP_247006115.1@GCF_023028225.1	GCF_023028225.1	NZ_CP095482.1_1916	Archaea	Halobacteria	Halorientalis litorea	92.0	NZ_CP095482.1_1916	1.0	247	247
NZ_JAJCVI010000003.1_22	GCF_020567525.1	NZ_JAJCVI010000003.1_22	Archaea	Halobacteria	Halorubellus salinus	92.0	NZ_JAJCVI010000003.1_22	1.0	230	230
A0A388QLV9	GCA_003569705.1	BGOU01000010.1_32	Archaea	Nitrososphaeria	Nitrosarchaeum sp003569705	92.0	BGOU01000010.1_32	1.0	251	251
A0A838W7R1	GCA_013821245.1	JACDHC010000052.1_3	Archaea	Nitrososphaeria	Nitrosocosmicus sp013821245	92.0	JACDHC010000052.1_3	1.0	359	359
JADDOQ010000026.1_22@GCA_016782315.1	GCA_016782315.1	JADDOQ010000026.1_22	Archaea	Nitrososphaeria	Nitrosocosmicus sp016782315	92.0	JADDOQ010000026.1_22	1.0	360	360
A0A368B0K9	GCA_003331425.1	QOOS01000008.1_60	Archaea	Nitrososphaeria	Nitrosopumilus sp002690535	91.0	QOOS01000008.1_60	1.0	250	250
A0A7D5REW5	GCF_013407275.1	NZ_CP030846.1_1190	Archaea	Nitrososphaeria	Nitrosotenuis sp013407275	91.0	NZ_CP030846.1_1190	1.0	248	248
RKRY01000155.1_12	GCA_007571135.1	RKRY01000155.1_12	Archaea	Nitrososphaeria	Nitrosopumilus sp007571135	91.0	RKRY01000155.1_12	1.0	250	250
A0A7K4NNL9	GCA_013390745.1	JACASX010000001.1_194	Archaea	Nitrososphaeria	Nitrosopelagicus sp013390745	91.0	JACASX010000001.1_194	1.0	252	252
JAKAJY010000012.1_2	GCA_021824845.1	JAKAJY010000012.1_2	Archaea	Nitrososphaeria	Nitrosotenuis sp021824845	91.0	JAKAJY010000012.1_2	1.0	249	249
A0A7K4NUK8	GCA_013390785.1	JACASW010000013.1_13	Archaea	Nitrososphaeria	Nitrosopelagicus sp013390785	91.0	JACASW010000013.1_13	1.0	250	250
NSIR01000010.1_25	GCA_002737445.1	NSIR01000010.1_25	Archaea	Nitrososphaeria	Nitrosarchaeum sp002737445	91.0	NSIR01000010.1_25	1.0	250	250
JAHFUX010000005.1_26	GCA_023264875.1	JAHFUX010000005.1_26	Archaea	Nitrososphaeria	Nitrosarchaeum sp023264875	91.0	JAHFUX010000005.1_26	1.0	250	250
A0A8T4KAN1	GCA_018263495.1	JAANXC010000074.1_2	Archaea	Nitrososphaeria	Nitrosopelagicus sp018263495	91.0	JAANXC010000074.1_2	1.0	256	256
A0A7D7V958	GCA_014075315.1	CP046181.1_1955	Archaea	Nitrososphaeria	Nitrosopumilus sp014075315	90.0	CP046181.1_1955	1.0	250	250
JAJRWR010000006.1_14	GCA_024276695.1	JAJRWR010000006.1_14	Archaea	Nitrososphaeria	Nitrosopumilus sp024276695	90.0	JAJRWR010000006.1_14	1.0	250	250
L9WEY7	GCF_000383975.1	NZ_KB913017.1_1888	Archaea	Halobacteria	Natronorubrum tibetense	90.0	NZ_KB913017.1_1890	1.0	295	295
NZ_RDFA01000002.1_67	GCF_004118325.1	NZ_RDFA01000002.1_67	Archaea	Halobacteria	Halorientalis pallida	90.0	NZ_RDFA01000002.1_67	1.0	232	232
A0A7J9R9B0	GCA_013867335.1	JACEMX010000025.1_9	Archaea	Nitrososphaeria	JACEMX01 sp013867335	90.0	JACEMX010000025.1_9	1.0	250	250
WP_148685665.1@GCF_001870125.1	GCF_001870125.1	NZ_CP017922.1_580	Archaea	Nitrososphaeria	Nitrosocosmicus hydrocola	90.0	NZ_CP017922.1_580	1.0	373	373
JAEMQG010000051.1_2	GCA_022758935.1	JAEMQG010000051.1_2	Archaea	Nitrososphaeria	Nitrosarchaeum sp022758935	90.0	JAEMQG010000051.1_2	1.0	251	251
A0A0A7V1B0	GCF_000812185.1	NZ_CP007026.1_810	Archaea	Nitrososphaeria	Nitrosopelagicus brevis	90.0	NZ_CP007026.1_810	1.0	252	252
JAATVT010000039.1_1@GCA_014523685.1	GCA_014523685.1	JAATVT010000039.1_1	Archaea	Nitrososphaeria	TH5893 sp014523685	89.0	JAATVT010000039.1_1	1.0	343	343
A0A9D2X5K2	GCF_014078545.1	NZ_MU078716.1_61	Archaea	Nitrososphaeria	PXYB01 sp014078545	89.0	NZ_MU078716.1_61	1.0	247	247
CACDFH010000003.1_72	GCA_902552015.1	CACDFH010000003.1_72	Archaea	Nitrososphaeria	Nitrosopelagicus sp902552015	89.0	CACDFH010000003.1_72	1.0	252	252
CAJWBY010000188.1_8@GCA_913020705.1	GCA_913020705.1	CAJWBY010000188.1_8	Bacteria	Gammaproteobacteria	Colwellia A sp913020705	89.0	CAJWBY010000188.1_8	1.0	245	245
WP_178335851.1@GCF_013391105.1	GCF_013391105.1	NZ_CP058335.1_3807	Archaea	Halobacteria	Natronomonas salina	89.0	NZ_CP058335.1_3807	1.0	289	289
MCE9653533.1@GCA_021414365.1	GCA_021414365.1	JAIOOR010000024.1_57	Archaea	Nitrososphaeria	Nitrosarchaeum sp021414365	89.0	JAIOOR010000024.1_57	1.0	251	251
A0A843CQI4	GCA_016844685.1	JAENJF010000050.1_2	Archaea	Nitrososphaeria	Nitrosotenuis sp016844685	88.0	JAENJF010000050.1_2	1.0	251	251
A0A7K4P4Y1	GCA_013390905.1	JACATG010000004.1_59	Archaea	Nitrososphaeria	Nitrosopumilus sp013390905	88.0	JACATG010000004.1_59	1.0	250	250
CAJQSE010000004.1_9	GCA_905612485.1	CAJQSE010000004.1_9	Archaea	Nitrososphaeria	Nitrosopumilus sp905612485	88.0	CAJQSE010000004.1_9	1.0	250	250
CACHDH010000007.1_5@GCA_902578515.1	GCA_902578515.1	CACHDH010000007.1_5	Archaea	Nitrososphaeria	Nitrosopelagicus sp902578515	88.0	CACHDH010000007.1_5	1.0	256	256
JACRND010000156.1_2	GCA_016234975.1	JACRND010000156.1_2	Archaea	Nitrososphaeria	Nitrosarchaeum sp016234975	88.0	JACRND010000156.1_2	1.0	249	249
MBT7252981.1@GCA_018691945.1	GCA_018691945.1	JABHJJ010000155.1_2	Archaea	Nitrososphaeria	Nitrosopelagicus sp018691945	88.0	JABHJJ010000155.1_2	1.0	252	252
LUPB01000013.1_2@GCA_001627235.1	GCA_001627235.1	LUPB01000013.1_2	Archaea	Nitrososphaeria	Nitrosopelagicus sp001627235	88.0	LUPB01000013.1_2	1.0	252	252
A0A8B2HRE8	GCF_018128925.1	NZ_CP067007.1_590	Archaea	Nitrososphaeria	Nitrosarchaeum A sp018128925	87.0	NZ_CP067007.1_590	1.0	251	251
JAIOPB010000036.1_15	GCA_021414105.1	JAIOPB010000036.1_15	Archaea	Nitrososphaeria	Nitrosarchaeum sp021414105	87.0	JAIOPB010000036.1_15	1.0	250	250
ARWO01000032.1_136@GCA_000402075.1	GCA_000402075.1	ARWO01000032.1_136	Archaea	Nitrososphaeria	Nitrosopelagicus sp000402075	87.0	ARWO01000032.1_136	1.0	250	250
NZ_CP011097.1_858	GCF_000955905.1	NZ_CP011097.1_858	Archaea	Nitrososphaeria	Nitrosotenuis cloacae	87.0	NZ_CP011097.1_858	1.0	232	232
A0A7K4MYY1	GCA_013390375.1	JACATA010000010.1_4	Archaea	Nitrososphaeria	Nitrosopelagicus sp000484935	87.0	JACATA010000010.1_4	1.0	256	256
OMIR01000017.1_16@GCA_900299125.1	GCA_900299125.1	OMIR01000017.1_16	Archaea	Nitrososphaeria	Nitrosotenuis sp900299125	87.0	OMIR01000017.1_16	1.0	262	262
A0A1H6RWL0	GCF_900109065.1	NZ_FNYR01000003.1_29	Archaea	Halobacteria	Halohasta litchfieldiae	87.0	NZ_FNYR01000003.1_29	1.0	295	295
CACIXQ010000007.1_17	GCA_902590655.1	CACIXQ010000007.1_17	Archaea	Nitrososphaeria	Nitrosopelagicus sp902590655	87.0	CACIXQ010000007.1_17	1.0	250	250
A0RXE4	GCA_000200715.1	DP000238.1_1280	Archaea	Nitrososphaeria	Cenarchaeum symbiosum	87.0	DP000238.1_1280	1.0	233	233
JACNFR010000062.1_14	GCA_014384555.1	JACNFR010000062.1_14	Archaea	Nitrososphaeria	Nitrosopumilus sp014384555	87.0	JACNFR010000062.1_14	1.0	252	252
A0A521T9K2	GCA_004297665.1	SCUP01000321.1_12	Archaea	Nitrososphaeria	Nitrosarchaeum sp004297665	87.0	SCUP01000321.1_12	1.0	251	251
WP_237698801.1@GCF_000220175.1	GCF_000220175.1	NZ_AFPU01000001.1_1089	Archaea	Nitrososphaeria	Nitrosarchaeum koreense	87.0	NZ_AFPU01000001.1_1089	1.0	251	251
JAHFUM010000012.1_40@GCA_023265135.1	GCA_023265135.1	JAHFUM010000012.1_40	Archaea	Nitrososphaeria	Nitrosarchaeum sp023265135	86.0	JAHFUM010000012.1_40	1.0	250	250
A0A7K4FZD1	GCA_013140415.1	JABFSW010000086.1_2	Archaea	Nitrososphaeria	Nitrosarchaeum sp013140415	86.0	JABFSW010000086.1_2	1.0	250	250
JAHELB010000056.1_2@GCA_024644385.1	GCA_024644385.1	JAHELB010000056.1_2	Archaea	Nitrososphaeria	JACEMX01 sp024644385	86.0	JAHELB010000056.1_2	1.0	251	251
MBM3904681.1@GCA_016872015.1	GCA_016872015.1	VHBK01000024.1_24	Archaea	Nitrososphaeria	Nitrosotenuis sp016872015	86.0	VHBK01000024.1_24	1.0	249	249
A0A370LUJ7	GCA_003352285.1	QQVN01000003.1_729	Archaea	Nitrososphaeria	PXYB01 sp003352285	86.0	QQVN01000003.1_729	1.0	247	247
MCA9812424.1@GCA_020431985.1	GCA_020431985.1	JAGQHF010000113.1_2	Archaea	Nitrososphaeria	Nitrosarchaeum A sp020431985	86.0	JAGQHF010000113.1_2	1.0	250	250
A0A1Q1FI16	GCF_001989615.1	NZ_CP019067.1_1415	Archaea	Halobacteria	Halorientalis sp001989615	85.0	NZ_CP019067.1_1415	1.0	242	242
NZ_JANHDJ010000005.1_256	GCF_024494645.1	NZ_JANHDJ010000005.1_256	Archaea	Halobacteria	Halohasta litorea	85.0	NZ_JANHDJ010000005.1_256	1.0	291	291
WP_177316534.1@GCF_000685395.1	GCF_000685395.1	NZ_AVSQ01000018.1_7	Archaea	Nitrososphaeria	Nitrosotenuis chungbukensis	85.0	NZ_AVSQ01000018.1_7	1.0	249	249
A0A7D5R6H4	GCF_013407185.1	NZ_CP026995.1_1593	Archaea	Nitrososphaeria	Nitrosopumilus ureiphilus	85.0	NZ_CP026995.1_1593	1.0	249	249
NVWC01000001.1_171	GCA_002317795.1	NVWC01000001.1_171	Archaea	Nitrososphaeria	Nitrosopumilus sp002317795	85.0	NVWC01000001.1_171	1.0	251	251
A0A7K4EXI0	GCA_013043295.1	JABDOO010000067.1_1	Archaea	Nitrososphaeria	Nitrosopumilus sp013043295	85.0	JABDOO010000067.1_1	1.0	250	250
LFLC01000043.1_14	GCA_001543015.1	LFLC01000043.1_14	Archaea	Nitrososphaeria	Nitrosopumilus sp001543015	85.0	LFLC01000043.1_14	1.0	251	251
A0A7D5M1Y7	GCF_013407145.1	NZ_CP026993.1_744	Archaea	Nitrososphaeria	Nitrosopumilus cobalaminigenes	85.0	NZ_CP026993.1_744	1.0	250	250
V6ASY8	GCF_000723185.1	NZ_CBTY010000008.1_448	Archaea	Nitrososphaeria	Nitrosotenuis uzonensis	85.0	NZ_CBTY010000008.1_448	1.0	258	258
I3D2F8	GCF_000242875.2	NZ_AEXL02000090.1_176	Archaea	Nitrososphaeria	Nitrosopumilus salaria	85.0	NZ_AEXL02000090.1_176	1.0	250	250
JAAUVF010000069.1_4	GCA_012030815.1	JAAUVF010000069.1_4	Archaea	Nitrososphaeria	Nitrosarchaeum sp012030815	84.0	JAAUVF010000069.1_4	1.0	234	234
A0A081RPZ9	GCA_000746765.1	JOSY01000033.1_31	Archaea	Nitrososphaeria	Nitrosopumilus sp000746765	84.0	JOSY01000033.1_31	1.0	250	250
A0A7J9QBH3	GCA_013867245.1	JACENB010000156.1_4	Archaea	Nitrososphaeria	Nitrosopumilus sp013867245	84.0	JACENB010000156.1_4	1.0	250	250
JACZTB010000005.1_14	GCA_022573895.1	JACZTB010000005.1_14	Archaea	Nitrososphaeria	Nitrosopumilus sp022573895	84.0	JACZTB010000005.1_14	1.0	250	250
K0BD28	GCF_000299395.1	NC_018656.1_1168	Archaea	Nitrososphaeria	Nitrosopumilus sediminis	84.0	NC_018656.1_1168	1.0	250	250
JAHELP010000009.1_11	GCA_024644105.1	JAHELP010000009.1_11	Archaea	Nitrososphaeria	Nitrosopumilus sp024644105	84.0	JAHELP010000009.1_11	1.0	250	250
CABXPS010000018.1_21	GCA_902514095.1	CABXPS010000018.1_21	Archaea	Nitrososphaeria	Nitrosopumilus sp902514095	84.0	CABXPS010000018.1_21	1.0	250	250
A0A514LCL5	GCF_006740685.1	NZ_CP035425.1_1785	Archaea	Nitrososphaeria	Nitrosopumilus sp006740685	84.0	NZ_CP035425.1_1785	1.0	250	250
A0A843BN56	GCA_016125975.1	JAEFCZ010000037.1_38	Archaea	Nitrososphaeria	Nitrosopumilus sp016125975	83.0	JAEFCZ010000037.1_38	1.0	250	250
A0A838YJC3	GCA_013911135.1	JACERO010000059.1_5	Archaea	Nitrososphaeria	Nitrosopumilus sp013911135	83.0	JACERO010000059.1_5	1.0	250	250
A0A2Z2HKI6	GCF_002156965.1	NZ_CP021324.1_650	Archaea	Nitrososphaeria	Nitrosopumilus catalinensis	83.0	NZ_CP021324.1_650	1.0	250	250
CAJQMY010000047.1_14	GCA_905479565.1	CAJQMY010000047.1_14	Archaea	Nitrososphaeria	Nitrosopumilus sp905479565	83.0	CAJQMY010000047.1_14	1.0	250	250
JAANXA010000013.1_78	GCA_018263505.1	JAANXA010000013.1_78	Archaea	Nitrososphaeria	Nitrosopumilus sp018263505	83.0	JAANXA010000013.1_78	1.0	250	250
NZ_CP024808.1_386	GCF_002787055.1	NZ_CP024808.1_386	Archaea	Nitrososphaeria	Nitrosotenuis aquarius	83.0	NZ_CP024808.1_386	1.0	264	264
LFEZ01000001.1_8	GCA_001510295.1	LFEZ01000001.1_8	Archaea	Nitrososphaeria	Nitrosopelagicus sp001510295	83.0	LFEZ01000001.1_8	1.0	252	252
A0A3M6KDF1	GCA_003702545.1	REGK01000001.1_23	Archaea	Nitrososphaeria	Nitrosopumilus sp003702545	83.0	REGK01000001.1_23	1.0	250	250
A9A2E7	GCF_000018465.1	NC_010085.1_1039	Archaea	Nitrososphaeria	Nitrosopumilus maritimus	83.0	NC_010085.1_1039	1.0	250	250
JAGQHE010000038.1_14	GCA_020431995.1	JAGQHE010000038.1_14	Archaea	Nitrososphaeria	Nitrosopumilus sp020431995	83.0	JAGQHE010000038.1_14	1.0	250	250
A0A8T4XCF7	GCA_018334095.1	JAGXTE010000058.1_180	Archaea	Nitrososphaeria	Nitrosarchaeum sp018334095	83.0	JAGXTE010000058.1_180	1.0	251	251
MBT3474036.1@GCA_018647405.1	GCA_018647405.1	JABGTD010000004.1_37	Archaea	Nitrososphaeria	Nitrosopelagicus sp018647405	82.0	JABGTD010000004.1_37	1.0	252	252
K0B968	GCF_000299365.1	NC_018655.1_1140	Archaea	Nitrososphaeria	Nitrosopumilus koreensis	82.0	NC_018655.1_1140	1.0	250	250
A0A1H8HD95	GCF_900110215.1	NZ_FOCX01000003.1_337	Archaea	Halobacteria	Halorientalis persica	82.0	NZ_FOCX01000003.1_337	1.0	242	242
A0A7D5RAF2	GCF_013407165.1	NZ_CP026994.1_732	Archaea	Nitrososphaeria	Nitrosopumilus oxyclinae	82.0	NZ_CP026994.1_732	1.0	250	250
A0A0D5C1K9	GCF_000956175.1	NZ_CP011070.1_976	Archaea	Nitrososphaeria	Nitrosopumilus adriaticus	82.0	NZ_CP011070.1_976	1.0	250	250
JABSRD010000008.1_95	GCA_013215285.1	JABSRD010000008.1_95	Archaea	Nitrososphaeria	Nitrosopumilus sp013215285	82.0	JABSRD010000008.1_95	1.0	250	250
A0A842NTQ9	GCA_014384445.1	JACNFV010000112.1_5	Archaea	Nitrososphaeria	Nitrosopumilus sp014384445	82.0	JACNFV010000112.1_5	1.0	250	250
JAHEXS010000012.1_2	GCA_023252015.1	JAHEXS010000012.1_2	Archaea	Nitrososphaeria	Nitrosotenuis sp023252015	82.0	JAHEXS010000012.1_2	1.0	248	248
A0A835SJB9	GCA_016276965.1	JADNRU010000010.1_18	Archaea	Nitrososphaeria	CSP1-1 sp016276965	81.0	JADNRU010000010.1_18	1.0	254	254
MCH8834010.1@GCA_022574415.1	GCA_022574415.1	JACZSC010000088.1_3	Archaea	Nitrososphaeria	DRGT01 sp022574415	81.0	JACZSC010000088.1_3	1.0	248	248
JABJDB010000060.1_3	GCA_018668425.1	JABJDB010000060.1_3	Archaea	Nitrososphaeria	Nitrosopumilus sp018668425	81.0	JABJDB010000060.1_3	1.0	251	251
CAJQSS010000005.1_76	GCA_905616385.1	CAJQSS010000005.1_76	Archaea	Nitrososphaeria	Nitrosopumilus sp905616385	81.0	CAJQSS010000005.1_76	1.0	250	250
A0A2V3IAA3	GCA_012964965.1	DTTB01000137.1_3	Archaea	Nitrososphaeria	Nitrosopelagicus sp012964965	81.0	DTTB01000137.1_3	1.0	250	250
A0A3M6KE52	GCA_003702525.1	REGJ01000004.1_62	Archaea	Nitrososphaeria	Nitrosopumilus sp003702525	81.0	REGJ01000004.1_62	1.0	251	251
NZ_AOII01000017.1_1	GCF_000337615.1	NZ_AOII01000017.1_1	Archaea	Halobacteria	Natrinema pallidum	81.0	NZ_AOII01000017.1_1	1.0	293	293
JABMOR010000028.1_17	GCA_013203245.1	JABMOR010000028.1_17	Archaea	Nitrososphaeria	Nitrosopumilus sp013203245	81.0	JABMOR010000028.1_17	1.0	250	250
VHBH01000001.1_77	GCA_016872055.1	VHBH01000001.1_77	Archaea	Nitrososphaeria	Nitrosotenuis sp016872055	81.0	VHBH01000001.1_77	1.0	264	264
A0A3M6K3X3	GCA_003702465.1	REGF01000007.1_13	Archaea	Nitrososphaeria	Nitrosopumilus sp003702465	81.0	REGF01000007.1_13	1.0	250	250
A0A3M6K0N5	GCA_003702495.1	REGH01000011.1_25	Archaea	Nitrososphaeria	Nitrosopumilus sp003702495	81.0	REGH01000011.1_25	1.0	250	250
A0A9D2X9D0	GCF_014078525.1	NZ_MU078694.1_162	Archaea	Nitrososphaeria	Nitrosopumilus sp014078525	80.0	NZ_MU078694.1_162	1.0	250	250
JAJETY010000012.1_34	GCA_021268355.1	JAJETY010000012.1_34	Archaea	Nitrososphaeria	Nitrosopumilus sp021268355	80.0	JAJETY010000012.1_34	1.0	250	250
NZ_LQMW01000022.1_82	GCF_001541925.1	NZ_LQMW01000022.1_82	Archaea	Nitrososphaeria	Nitrosopumilus sp001541925	80.0	NZ_LQMW01000022.1_82	1.0	250	250
A0A0T5ZCZ3	GCA_001443365.1	LDXL01000008.1_187	Archaea	Nitrososphaeria	CSP1-1 sp001443365	80.0	LDXL01000008.1_187	1.0	252	252
NZ_AOLW01000036.1_19	GCF_000336615.1	NZ_AOLW01000036.1_19	Archaea	Halobacteria	Haloarcula amylolytica	80.0	NZ_AOLW01000036.1_19	1.0	281	281
A0A1G7U755	GCF_023698535.1	NZ_JALJCL010000035.1_3	Archaea	Halobacteria	Halorientalis regularis	80.0	NZ_JALJCL010000035.1_3	1.0	232	232
A0A3M9ZI66	GCA_003724275.1	RHFA01000128.1_4	Archaea	Nitrososphaeria	Cenarchaeum sp003724275	80.0	RHFA01000128.1_4	1.0	258	258
A0A5J4DVH6	GCA_008974855.1	BFAR01000126.1_9	Archaea	Nitrososphaeria	CSP1-1 sp008974855	80.0	BFAR01000126.1_9	1.0	260	260
JAHRAL010000125.1_29@GCA_020027325.1	GCA_020027325.1	JAHRAL010000125.1_29	Archaea	Nitrososphaeria	Cenarchaeum sp020027325	79.0	JAHRAL010000125.1_29	1.0	254	254
A0A2H9RQQ8	GCA_002788515.1	PFRJ01000077.1_10	Archaea	Nitrososphaeria	Nitrosopumilus sp002788515	79.0	PFRJ01000077.1_10	1.0	250	250
VMDM01000051.1_2	GCA_008080815.1	VMDM01000051.1_2	Archaea	Nitrososphaeria	Nitrosopumilus sp008080815	79.0	VMDM01000051.1_2	1.0	249	249
LFEY01000002.1_37	GCA_001510275.1	LFEY01000002.1_37	Archaea	Nitrososphaeria	Nitrosopumilus sp001510275	79.0	LFEY01000002.1_37	1.0	290	290
A0A0R2NVM4	GCA_001437625.1	LIAL01000012.1_16	Archaea	Nitrososphaeria	Nitrosopumilus sp001437625	79.0	LIAL01000012.1_16	1.0	250	250
A0A7C2XPU6	GCA_011055585.1	DRGT01000093.1_15	Archaea	Nitrososphaeria	DRGT01 sp011055585	79.0	DRGT01000093.1_15	1.0	251	251
A0A2S2KSG3	GCF_003175215.1	NZ_BGKI01000007.1_201	Archaea	Nitrososphaeria	Nitrosopumilus zosterae	79.0	NZ_BGKI01000007.1_201	1.0	250	250
MCH7968181.1@GCA_022564515.1	GCA_022564515.1	JADFLH010000008.1_19	Archaea	Nitrososphaeria	DRGT01 sp022564515	79.0	JADFLH010000008.1_19	1.0	251	251
PAAH01000002.1_2	GCA_002698885.1	PAAH01000002.1_2	Archaea	Nitrososphaeria	Nitrosopelagicus sp002698885	79.0	PAAH01000002.1_2	1.0	205	205
A0A832VRI6	GCA_002499525.1	DAMC01000085.1_10	Archaea	Nitrososphaeria	Nitrosotenuis sp002499525	78.0	DAMC01000085.1_10	1.0	259	259
WP_253737567.1@GCF_024178165.1	GCF_024178165.1	NZ_JAMZIE010000002.1_599	Archaea	Halobacteria	Halohasta sp024178165	78.0	NZ_JAMZIE010000002.1_599	1.0	330	330
SCVO01000120.1_6	GCA_004322465.1	SCVO01000120.1_6	Archaea	Nitrososphaeria	Nitrosotenuis sp004322465	78.0	SCVO01000120.1_6	1.0	249	249
JADFJY010000033.1_9	GCA_022565935.1	JADFJY010000033.1_9	Archaea	Nitrososphaeria	Nitrosopumilus sp022565935	78.0	JADFJY010000033.1_9	1.0	250	250
CABXQD010000010.1_10	GCA_902514275.1	CABXQD010000010.1_10	Archaea	Nitrososphaeria	Nitrosopumilus sp902514275	78.0	CABXQD010000010.1_10	1.0	250	250
A0A3M9ZTZ2	GCA_003724285.1	RHFB01000067.1_16	Archaea	Nitrososphaeria	Nitrosopumilus sp003724285	77.0	RHFB01000067.1_16	1.0	246	246
A0A835X8W0	GCA_016838845.1	JAEHKV010000059.1_14	Archaea	Nitrososphaeria	DRGT01 sp016838845	77.0	JAEHKV010000059.1_14	1.0	248	248
NZ_JALIQP010000003.1_86	GCF_023566055.1	NZ_JALIQP010000003.1_86	Archaea	Halobacteria	JALIQP01 sp023566055	77.0	NZ_JALIQP010000003.1_86	1.0	310	310
JAHRAJ010000053.1_7@GCA_020027365.1	GCA_020027365.1	JAHRAJ010000053.1_7	Archaea	Nitrososphaeria	JAHRAJ01 sp020027365	77.0	JAHRAJ010000053.1_7	1.0	281	281
L9YW73	GCF_000337175.1	NZ_AOIJ01000057.1_53	Archaea	Halobacteria	Natrinema gari	77.0	NZ_AOIJ01000057.1_53	1.0	293	293
A0A846N5A7	GCA_011773785.1	WVWY01000007.1_5	Archaea	Nitrososphaeria	JACEMX01 sp011773785	77.0	WVWY01000007.1_6	1.0	251	251
MCG3780453.1@GCA_022117465.1	GCA_022117465.1	JAHCGZ010000007.1_36	Archaea	Nitrososphaeria	Nitrosopumilus limneticus	77.0	JAHCGZ010000007.1_36	1.0	250	250
A0A3M9ZSM0	GCA_003724325.1	RHFD01000056.1_23	Archaea	Nitrososphaeria	Nitrosopumilus sp003724325	76.0	RHFD01000056.1_23	1.0	246	246
JACZUQ010000043.1_8	GCA_022573065.1	JACZUQ010000043.1_8	Archaea	Nitrososphaeria	CSP1-1 sp022573065	76.0	JACZUQ010000043.1_8	1.0	254	254
LKML01000024.1_26@GCA_001563795.1	GCA_001563795.1	LKML01000024.1_26	Archaea	Halobacteria	Halohasta sp001563795	76.0	LKML01000024.1_26	1.0	294	294
WHSX01000035.1_12@GCA_009379865.1	GCA_009379865.1	WHSX01000035.1_12	Archaea	Nitrososphaeria	Nitrosocosmicus sp009379865	76.0	WHSX01000035.1_12	1.0	391	391
A0A7K4DSR9	GCA_013002265.1	JABDKK010000038.1_3	Archaea	Nitrososphaeria	Nitrosopumilus sp013002265	76.0	JABDKK010000038.1_3	1.0	250	250
PBZV01000007.1_28	GCA_002730325.1	PBZV01000007.1_28	Archaea	Nitrososphaeria	Nitrosopumilus sp002730325	75.0	PBZV01000007.1_28	1.0	250	250
SKKJ01000166.1_8	GCA_007121575.1	SKKJ01000166.1_8	Archaea	Halobacteria	Natronomonas sp007121575	75.0	SKKJ01000166.1_8	1.0	268	268
CACLIK010000014.1_4	GCA_902606965.1	CACLIK010000014.1_4	Archaea	Nitrososphaeria	Nitrosopelagicus sp902606965	75.0	CACLIK010000014.1_4	1.0	250	250
RKSK01000029.1_5@GCA_007570915.1	GCA_007570915.1	RKSK01000029.1_5	Archaea	Nitrososphaeria	Cenarchaeum sp007570915	74.0	RKSK01000029.1_5	1.0	258	258
A0A0C5BVY9	GCF_000875775.1	NZ_CP010868.1_1186	Archaea	Nitrososphaeria	Nitrosopumilus piranensis	74.0	NZ_CP010868.1_1186	1.0	250	250
A0A9W4UWP2	GCA_900620265.1	UYNY01000031.1_111	Archaea	Nitrososphaeria	Nitrosopumilus sp900620265	74.0	UYNY01000031.1_111	1.0	246	246
NZ_CP100445.1_3244	GCF_024227435.1	NZ_CP100445.1_3244	Archaea	Halobacteria	Natrinema sp024227435	74.0	NZ_CP100445.1_3244	1.0	296	296
NZ_BBJP01000006.1_46	GCF_000739595.1	NZ_BBJP01000006.1_46	Archaea	Halobacteria	Halorubrum halophilum	73.0	NZ_BBJP01000006.1_46	1.0	242	242
A0A835X6I0	GCA_016838825.1	JAEHKU010000002.1_14	Archaea	Nitrososphaeria	JAEHKU01 sp016838825	73.0	JAEHKU010000002.1_14	1.0	254	254
NZ_RDFA01000002.1_66	GCF_004118325.1	NZ_RDFA01000002.1_66	Archaea	Halobacteria	Halorientalis pallida	72.0	NZ_RDFA01000002.1_66	1.0	316	316
A0A654LUD5	GCF_000802205.1	NZ_CP012850.1_206	Archaea	Nitrososphaeria	Nitrosocosmicus oleophilus	72.0	NZ_CP012850.1_206	1.0	391	391
MCH2604145.1@GCA_022450565.1	GCA_022450565.1	JAKUOP010000009.1_25	Archaea	Nitrososphaeria	Nitrosopelagicus sp022450565	72.0	JAKUOP010000009.1_25	1.0	205	205
CACLNC010000026.1_1	GCA_902608175.1	CACLNC010000026.1_1	Archaea	Nitrososphaeria	Nitrosopelagicus sp902608175	72.0	CACLNC010000026.1_1	1.0	256	256
A0A1C7PEI3	GCF_001683795.1	NZ_LIGX01000006.1_3	Bacteria	Verrucomicrobiae	Akkermansia glycaniphila	71.0	NZ_LIGX01000006.1_3	1.0	423	423
A0A7D3Y2G5	GCF_013267195.1	NZ_CP053941.1_2690	Archaea	Halobacteria	Halorubrum salinarum	71.0	NZ_CP053941.1_2690	1.0	251	251
NZ_AP017569.1_163	GCF_002355655.1	NZ_AP017569.1_163	Archaea	Halobacteria	Halorubrum trapanicum A	71.0	NZ_AP017569.1_163	1.0	240	240
M0EWG0	GCF_000337335.1	NZ_AOJN01000055.1_3	Archaea	Halobacteria	Halorubrum distributum	71.0	NZ_AOJN01000055.1_3	1.0	240	240
M0NQ21	GCF_000337375.1	NZ_AOJG01000027.1_19	Archaea	Halobacteria	Halorubrum lipolyticum	70.0	NZ_AOJG01000027.1_19	1.0	240	240
WP_053947044.1@GCF_001282785.1	GCF_001282785.1	NZ_CVUA01000001.1_384	Archaea	Halobacteria	Halolamina sediminis	70.0	NZ_CVUA01000001.1_384	1.0	242	242
A0A1G7U6M7	GCF_023698535.1	NZ_JALJCL010000035.1_4	Archaea	Halobacteria	Halorientalis regularis	70.0	NZ_JALJCL010000035.1_4	1.0	316	316
A0A1I6H827	GCF_900111935.1	NZ_FOYN01000003.1_614	Archaea	Halobacteria	Halorubrum sodomense	70.0	NZ_FOYN01000003.1_614	1.0	251	251
M0PLF1	GCF_000336995.1	NZ_AOJI01000002.1_150	Archaea	Halobacteria	Halorubrum aidingense	70.0	NZ_AOJI01000002.1_150	1.0	371	371
A0A3G1B276	GCF_000955905.1	NZ_CP011097.1_252	Archaea	Nitrososphaeria	Nitrosotenuis cloacae	69.0	NZ_CP011097.1_252	1.0	727	727
RKRU01000084.1_8	GCA_007571225.1	RKRU01000084.1_8	Archaea	Nitrososphaeria	Nitrosopumilus sp007571225	69.0	RKRU01000084.1_8	1.0	273	273
JAHFTO010000030.1_13@GCA_023269355.1	GCA_023269355.1	JAHFTO010000030.1_13	Bacteria	Chlamydiia	CAJCHM01 sp023269355	69.0	JAHFTO010000030.1_13	1.0	256	256
JALDAN010000039.1_7@GCA_022729355.1	GCA_022729355.1	JALDAN010000039.1_7	Archaea	Nanosalinia	Nanosalina sp022729355	69.0	JALDAN010000039.1_7	1.0	269	269
WP_247729935.1@GCF_023093535.1	GCF_023093535.1	NZ_CP095757.1_3542	Archaea	Halobacteria	Halovivax limisalsi	68.0	NZ_CP095757.1_3542	1.0	244	244
B9LWQ7	GCF_000022205.1	NC_012030.1_110	Archaea	Halobacteria	Halorubrum lacusprofundi	68.0	NC_012030.1_110	1.0	309	309
NZ_AOJH01000035.1_32	GCF_000337355.1	NZ_AOJH01000035.1_32	Archaea	Halobacteria	Halorubrum kocurii	68.0	NZ_AOJH01000035.1_32	1.0	240	240
JAKCFM010000001.1_752@GCA_025041195.1	GCA_025041195.1	JAKCFM010000001.1_752	Archaea	Halobacteria	Halocatena sp025041195	68.0	JAKCFM010000001.1_752	1.0	297	297
A0A6B1BBW2	GCA_009843815.1	VYCS01000011.1_3	Archaea	Nitrososphaeria	VYCS01 sp009843815	67.0	VYCS01000011.1_3	1.0	246	246
JAKCFM010000002.1_190@GCA_025041195.1	GCA_025041195.1	JAKCFM010000002.1_190	Archaea	Halobacteria	Halocatena sp025041195	65.0	JAKCFM010000002.1_190	1.0	286	286
A0A6M1T5C5	GCF_011059105.1	NZ_JAALLS010000018.1_24	Bacteria	Rhodothermia	Fodinibius halophilus	64.0	NZ_JAALLS010000018.1_24	1.0	283	283
JAJXYX010000059.1_21@GCA_021780355.1	GCA_021780355.1	JAJXYX010000059.1_21	Bacteria	Chlamydiia	SZAS-17 sp021780355	64.0	JAJXYX010000059.1_21	1.0	298	298
NZ_CP072036.1_2474	GCF_018847375.1	NZ_CP072036.1_2474	Bacteria	Verrucomicrobiae	Akkermansia muciniphila B	63.0	NZ_CP072036.1_2474	1.0	393	393
A0A1H8HEB9	GCF_900110215.1	NZ_FOCX01000003.1_338	Archaea	Halobacteria	Halorientalis persica	63.0	NZ_FOCX01000003.1_338	1.0	316	316
VXON01000101.1_7	GCA_009840065.1	VXON01000101.1_7	Archaea	Nitrososphaeria	VYCS01 sp009840065	62.0	VXON01000101.1_6	1.0	246	246
NZ_JADDKQ010000016.1_86	GCF_016464425.1	NZ_JADDKQ010000016.1_86	Bacteria	Actinomycetia	Actinotalea solisilvae	61.0	NZ_JADDKQ010000016.1_86	1.0	539	539
JADJWG010000004.1_341	GCA_016716475.1	JADJWG010000004.1_341	Bacteria	Phycisphaerae	JADJWG01 sp016716475	60.0	JADJWG010000004.1_341	1.0	478	478
WP_201094664.1@GCF_016653465.1	GCF_016653465.1	NZ_NHSQ01000084.1_122	Bacteria	Gammaproteobacteria	Chromatium minus	59.0	NZ_NHSQ01000084.1_122	1.0	318	318
MBS0624539.1@GCA_018239895.1	GCA_018239895.1	JAFEGL010000003.1_117	Bacteria	Chlamydiia	SZAS-17 sp018239895	59.0	JAFEGL010000003.1_117	1.0	297	297
F3KJK7	GCA_000204585.1	CM001158.1_702	Archaea	Nitrososphaeria	Nitrosarchaeum limnae	59.0	CM001158.1_713	1.0	185	185
JAKBAE010000044.1_2@GCA_021809325.1	GCA_021809325.1	JAKBAE010000044.1_2	Bacteria	Chlamydiia	JAKBAE01 sp021809325	58.0	JAKBAE010000044.1_2	1.0	288	288
MBS0604555.1@GCA_018240065.1	GCA_018240065.1	JAFEGH010000007.1_322	Bacteria	Chlamydiia	CAJCHM01 sp018240065	58.0	JAFEGH010000007.1_322	1.0	281	281
A0A5Q0UT33	GCF_009617995.1	NZ_CP044130.1_50	Archaea	Halobacteria	Halomicrobium sp009617995	57.0	NZ_CP044130.1_50	1.0	166	166
NZ_MWLL01000195.1_30	GCF_002198675.1	NZ_MWLL01000195.1_30	Bacteria	Actinomycetia	R-H-3 sp002198675	57.0	NZ_MWLL01000195.1_30	1.0	490	490
JADKAQ010000016.1_53	GCA_016719105.1	JADKAQ010000016.1_53	Bacteria	Gemmatimonadetes	SCN-70-22 sp016719105	56.0	JADKAQ010000016.1_53	1.0	501	501
A0A368TZS8	GCF_003336675.1	NZ_QPII01000005.1_237	Bacteria	Gammaproteobacteria	Halomonas montanilacus	55.0	NZ_QPII01000005.1_237	1.0	599	599
JAHENP010000151.1_1	GCA_018609965.1	JAHENP010000151.1_1	Archaea	Halobacteria	Halobaculum sp018609965	54.0	JAHENP010000151.1_1	1.0	137	137
NZ_JAKUHT010000013.1_56	GCF_022436705.1	NZ_JAKUHT010000013.1_56	Bacteria	Actinomycetia	Nocardioides sp022436705	54.0	NZ_JAKUHT010000013.1_56	1.0	291	291
