rank	cinquedea	controls_median	controls_q25	controls_q75	random_median	random_q25	random_q75
1	0.21666666666666667	0.8333333333333334	0.6736600611783482	0.964612421762157	0.041666666666666664	0.03333333333333333	0.041666666666666664
2	0.20833333333333334	0.6829324699352451	0.5098438956197576	0.842948717948718	0.03333333333333333	0.03333333333333333	0.041666666666666664
3	0.2	0.5789609584796529	0.4219293364862985	0.7780230736362341	0.03333333333333333	0.03333333333333333	0.03333333333333333
4	0.2	0.5129319955406912	0.3739474739374499	0.6511019668015064	0.03333333333333333	0.025	0.03333333333333333
5	0.18333333333333332	0.4387254901960784	0.31482095490716183	0.5581469876086027	0.025	0.025	0.03333333333333333
6	0.15833333333333333	0.35767590618336886	0.22144877903513996	0.47354806408544725	0.025	0.025	0.025
7	0.14166666666666666	0.3075886524822695	0.2080827937095282	0.41715558452846585	0.025	0.025	0.025
8	0.125	0.2239110707803993	0.17359114433582518	0.3783215989098342	0.025	0.025	0.025
9	0.125	0.21960072595281305	0.1561873940514717	0.32876821614721835	0.025	0.025	0.025
10	0.11666666666666667	0.19672718585762064	0.15203373015873015	0.29201680672268904	0.025	0.025	0.025
11	0.11666666666666667	0.1728735632183908	0.13990757304710794	0.24373433583959897	0.025	0.025	0.025
12	0.10833333333333334	0.14872551084895724	0.12626938957705613	0.1965938541281007	0.025	0.025	0.025
13	0.10833333333333334	0.13965867533522958	0.11646462147451757	0.17767929089443996	0.025	0.025	0.025
14	0.10833333333333334	0.13362068965517243	0.11009485094850949	0.15846153846153846	0.025	0.025	0.025
15	0.10833333333333334	0.12416070445789765	0.11009485094850949	0.14285714285714285	0.025	0.025	0.025
16	0.1	0.11681098574302458	0.10179304279851477	0.13496479672950262	0.025	0.025	0.025
17	0.09166666666666666	0.11241279452415427	0.09843548906048906	0.12687051458237897	0.025	0.025	0.025
18	0.09166666666666666	0.10105307945963196	0.09258354504592535	0.11841192787794728	0.025	0.025	0.025
19	0.09166666666666666	0.10105307945963196	0.08719541328236981	0.11657347002174587	0.025	0.016666666666666666	0.025
20	0.08333333333333333	0.09528613352898019	0.08557611438183348	0.11657347002174587	0.025	0.016666666666666666	0.025
